-- MySQL dump 10.13  Distrib 8.0.15, for Win64 (x86_64)
--
-- Host: localhost    Database: msis_2603_uncountables
-- ------------------------------------------------------
-- Server version	8.0.15

/*!40101 SET @OLD_CHARACTER_SET_CLIENT=@@CHARACTER_SET_CLIENT */;
/*!40101 SET @OLD_CHARACTER_SET_RESULTS=@@CHARACTER_SET_RESULTS */;
/*!40101 SET @OLD_COLLATION_CONNECTION=@@COLLATION_CONNECTION */;
 SET NAMES utf8 ;
/*!40103 SET @OLD_TIME_ZONE=@@TIME_ZONE */;
/*!40103 SET TIME_ZONE='+00:00' */;
/*!40014 SET @OLD_UNIQUE_CHECKS=@@UNIQUE_CHECKS, UNIQUE_CHECKS=0 */;
/*!40014 SET @OLD_FOREIGN_KEY_CHECKS=@@FOREIGN_KEY_CHECKS, FOREIGN_KEY_CHECKS=0 */;
/*!40101 SET @OLD_SQL_MODE=@@SQL_MODE, SQL_MODE='NO_AUTO_VALUE_ON_ZERO' */;
/*!40111 SET @OLD_SQL_NOTES=@@SQL_NOTES, SQL_NOTES=0 */;

--
-- Table structure for table `audit_transactions`
--

DROP TABLE IF EXISTS `audit_transactions`;
/*!40101 SET @saved_cs_client     = @@character_set_client */;
 SET character_set_client = utf8mb4 ;
CREATE TABLE `audit_transactions` (
  `Payment_method_id` int(11) NOT NULL,
  `Transaction_ID` int(11) NOT NULL,
  `New_Transaction_ID` int(11) NOT NULL AUTO_INCREMENT,
  `Category_ID` int(11) DEFAULT NULL,
  `Transaction_Date` date DEFAULT NULL,
  `Transaction_Amt` decimal(10,3) DEFAULT NULL,
  `New_Transaction_Amt` decimal(10,3) DEFAULT NULL,
  `Record_Status` varchar(10) DEFAULT NULL,
  `First_Created_Date` date DEFAULT NULL,
  `updated_at` timestamp NOT NULL DEFAULT CURRENT_TIMESTAMP ON UPDATE CURRENT_TIMESTAMP,
  `updated_by` varchar(30) NOT NULL,
  PRIMARY KEY (`New_Transaction_ID`),
  KEY `Payment_method_id` (`Payment_method_id`),
  CONSTRAINT `audit_transactions_ibfk_1` FOREIGN KEY (`Payment_method_id`) REFERENCES `payment_method_details` (`Payment_method_id`)
) ENGINE=InnoDB AUTO_INCREMENT=2 DEFAULT CHARSET=utf8mb4 COLLATE=utf8mb4_0900_ai_ci;
/*!40101 SET character_set_client = @saved_cs_client */;

--
-- Dumping data for table `audit_transactions`
--

LOCK TABLES `audit_transactions` WRITE;
/*!40000 ALTER TABLE `audit_transactions` DISABLE KEYS */;
INSERT INTO `audit_transactions` VALUES (100,1000,1,10,'2019-03-20',112.990,550.000,'Update','2018-07-09','2019-05-23 05:07:23','root@localhost');
/*!40000 ALTER TABLE `audit_transactions` ENABLE KEYS */;
UNLOCK TABLES;

--
-- Table structure for table `bank_details`
--

DROP TABLE IF EXISTS `bank_details`;
/*!40101 SET @saved_cs_client     = @@character_set_client */;
 SET character_set_client = utf8mb4 ;
CREATE TABLE `bank_details` (
  `Payment_method_id` int(11) NOT NULL,
  `Bank_id` int(11) DEFAULT NULL,
  `Bank_Name` varchar(50) DEFAULT NULL,
  `Account_Number` varchar(50) DEFAULT NULL,
  `Created_Date` date DEFAULT NULL,
  `Last_Updated_Date` date DEFAULT NULL,
  PRIMARY KEY (`Payment_method_id`),
  CONSTRAINT `R_15` FOREIGN KEY (`Payment_method_id`) REFERENCES `payment_method_details` (`Payment_method_id`) ON DELETE CASCADE
) ENGINE=InnoDB DEFAULT CHARSET=utf8mb4 COLLATE=utf8mb4_0900_ai_ci;
/*!40101 SET character_set_client = @saved_cs_client */;

--
-- Dumping data for table `bank_details`
--

LOCK TABLES `bank_details` WRITE;
/*!40000 ALTER TABLE `bank_details` DISABLE KEYS */;
INSERT INTO `bank_details` VALUES (100,100111,'Bank Of America','1234ACC','2018-11-29','2018-12-24'),(101,100211,'Chase','1235ACC','2019-02-01','2018-12-26'),(102,100311,'Discover','1236ACC','2019-01-14','2018-09-18'),(103,100411,'Wells Fargo','1237ACC','2019-02-22','2019-04-26'),(104,100511,'Citi','1238ACC','2019-02-09','2018-08-02'),(105,100611,'Bank Of America','1239ACC','2019-04-30','2019-01-19'),(106,100711,'Chase','1240ACC','2019-04-03','2018-09-15'),(107,100811,'Discover','1241ACC','2018-11-01','2018-06-05'),(108,100911,'Wells Fargo','1242ACC','2019-02-23','2019-04-18'),(109,101011,'Citi','1243ACC','2018-08-18','2018-11-05'),(110,101111,'Bank Of America','1244ACC','2019-04-15','2019-01-23'),(111,101211,'Chase','1245ACC','2018-10-10','2018-10-13'),(112,101311,'Discover','1246ACC','2019-03-10','2019-03-12'),(113,101411,'Wells Fargo','1247ACC','2019-05-10','2018-05-22'),(114,101511,'Citi','1248ACC','2018-11-19','2019-02-27'),(115,101611,'Bank Of America','1249ACC','2019-05-06','2018-09-07'),(116,101711,'Chase','1250ACC','2018-11-10','2019-01-12'),(117,101811,'Discover','1251ACC','2018-07-27','2018-11-12'),(118,101911,'Wells Fargo','1252ACC','2018-08-03','2019-02-05'),(119,102011,'Citi','1253ACC','2018-07-01','2019-02-10'),(120,102111,'Bank Of America','1254ACC','2018-11-02','2019-03-03'),(121,102211,'Chase','1255ACC','2018-09-27','2019-03-15'),(122,102311,'Discover','1256ACC','2018-07-29','2019-02-04'),(123,102411,'Wells Fargo','1257ACC','2018-10-23','2018-08-20'),(124,102511,'Citi','1258ACC','2019-03-16','2019-03-03'),(125,102611,'Bank Of America','1259ACC','2018-05-28','2018-07-21'),(126,102711,'Chase','1260ACC','2018-10-14','2018-11-20'),(127,102811,'Discover','1261ACC','2019-03-31','2018-07-22'),(128,102911,'Wells Fargo','1262ACC','2019-04-08','2018-11-06'),(129,103011,'Citi','1263ACC','2018-12-06','2018-09-19'),(130,103111,'Bank Of America','1264ACC','2018-09-13','2018-09-26'),(131,103211,'Chase','1265ACC','2018-08-23','2018-10-15'),(132,103311,'Discover','1266ACC','2018-09-16','2018-11-05'),(133,103411,'Wells Fargo','1267ACC','2018-07-23','2019-03-23'),(134,103511,'Citi','1268ACC','2019-03-09','2018-10-22'),(135,103611,'Bank Of America','1269ACC','2018-12-24','2019-02-07'),(136,103711,'Chase','1270ACC','2019-05-14','2018-12-29'),(137,103811,'Discover','1271ACC','2018-06-25','2018-08-31'),(138,103911,'Wells Fargo','1272ACC','2018-06-03','2019-02-24'),(139,104011,'Citi','1273ACC','2019-02-08','2018-06-25'),(140,104111,'Bank Of America','1274ACC','2018-10-20','2019-04-11'),(141,104211,'Chase','1275ACC','2018-08-08','2019-05-02'),(142,104311,'Discover','1276ACC','2019-05-15','2018-09-17'),(143,104411,'Wells Fargo','1277ACC','2018-06-18','2018-10-01'),(144,104511,'Citi','1278ACC','2018-11-27','2018-09-27'),(145,104611,'Bank Of America','1279ACC','2018-08-31','2019-02-16'),(146,104711,'Chase','1280ACC','2018-09-17','2019-01-21'),(147,104811,'Discover','1281ACC','2018-05-16','2019-04-11');
/*!40000 ALTER TABLE `bank_details` ENABLE KEYS */;
UNLOCK TABLES;

--
-- Table structure for table `categories`
--

DROP TABLE IF EXISTS `categories`;
/*!40101 SET @saved_cs_client     = @@character_set_client */;
 SET character_set_client = utf8mb4 ;
CREATE TABLE `categories` (
  `Category_id` int(11) NOT NULL,
  `Category_Desc` varchar(50) DEFAULT NULL,
  `Created_Date` date DEFAULT NULL,
  `Last_Updated_Date` date DEFAULT NULL,
  PRIMARY KEY (`Category_id`)
) ENGINE=InnoDB DEFAULT CHARSET=utf8mb4 COLLATE=utf8mb4_0900_ai_ci;
/*!40101 SET character_set_client = @saved_cs_client */;

--
-- Dumping data for table `categories`
--

LOCK TABLES `categories` WRITE;
/*!40000 ALTER TABLE `categories` DISABLE KEYS */;
INSERT INTO `categories` VALUES (1,'rent','2019-05-16','2019-05-16'),(2,'insurance','2019-05-16','2019-05-16'),(3,'Cab','2019-05-16','2019-05-16'),(4,'Phone Bill','2019-05-16','2019-05-16'),(5,'Entertainment','2019-05-16','2019-05-16'),(6,'Shopping  ','2019-05-16','2019-05-16'),(7,'Food ','2019-05-16','2019-05-16'),(8,'Pets','2019-05-16','2019-05-16'),(9,'Grocery ','2019-05-16','2019-05-16'),(10,'Loan ','2019-05-16','2019-05-16'),(11,'Movie  ','2019-05-16','2019-05-16');
/*!40000 ALTER TABLE `categories` ENABLE KEYS */;
UNLOCK TABLES;

--
-- Table structure for table `credit_card_details`
--

DROP TABLE IF EXISTS `credit_card_details`;
/*!40101 SET @saved_cs_client     = @@character_set_client */;
 SET character_set_client = utf8mb4 ;
CREATE TABLE `credit_card_details` (
  `Payment_method_id` int(11) NOT NULL,
  `Card_id` int(11) DEFAULT NULL,
  `Credit_card_number` varchar(20) DEFAULT NULL,
  `Credit_card_expiry_date` date DEFAULT NULL,
  `Issuing_Company` varchar(100) DEFAULT NULL,
  `Created_date` date DEFAULT NULL,
  `Last_Updated_Date` date DEFAULT NULL,
  PRIMARY KEY (`Payment_method_id`),
  CONSTRAINT `R_22` FOREIGN KEY (`Payment_method_id`) REFERENCES `payment_method_details` (`Payment_method_id`) ON DELETE CASCADE
) ENGINE=InnoDB DEFAULT CHARSET=utf8mb4 COLLATE=utf8mb4_0900_ai_ci;
/*!40101 SET character_set_client = @saved_cs_client */;

--
-- Dumping data for table `credit_card_details`
--

LOCK TABLES `credit_card_details` WRITE;
/*!40000 ALTER TABLE `credit_card_details` DISABLE KEYS */;
INSERT INTO `credit_card_details` VALUES (150,844,'5339566528248730','2020-07-26','Bank Of America','2018-09-15','2018-08-30'),(151,300,'5290129849417740','2021-01-12','Chase','2019-05-06','2018-07-26'),(152,363,'5122559782560300','2022-07-13','Discover','2019-05-10','2018-06-18'),(153,332,'5478246874002170','2020-08-06','Wells Fargo','2019-03-13','2019-04-02'),(154,998,'5213688778908630','2020-07-01','Citi','2019-02-26','2019-02-08'),(155,338,'5143813228491380','2021-01-01','Bank Of America','2018-05-22','2018-11-22'),(156,194,'5.35087E+15','2023-09-05','Chase','2019-01-27','2018-12-07'),(157,622,'5596023479179610','2020-07-22','Discover','2018-08-01','2019-02-13'),(158,891,'5.24178E+15','2021-02-16','Wells Fargo','2018-12-18','2018-12-28'),(159,325,'5246660457250070','2021-02-20','Citi','2018-12-18','2019-04-24'),(160,935,'5393428044118840','2021-03-13','Bank Of America','2019-04-08','2018-07-08'),(161,457,'5417588135149950','2021-10-29','Chase','2018-12-15','2018-10-16'),(162,769,'5.13119E+15','2023-05-03','Discover','2018-08-02','2018-10-18'),(163,999,'5211255011492650','2021-12-22','Wells Fargo','2019-04-11','2019-04-05'),(164,968,'5.1805E+15','2022-04-15','Citi','2018-10-26','2018-10-13'),(165,698,'5241002111740720','2021-10-04','Bank Of America','2019-02-01','2018-11-21'),(166,535,'5556082845433520','2023-05-20','Chase','2019-03-13','2018-09-16'),(167,764,'5298999245785800','2022-02-23','Discover','2018-06-01','2019-01-27'),(168,786,'5.31834E+15','2022-07-07','Wells Fargo','2018-07-03','2019-04-24'),(169,761,'5349824806809760','2020-10-21','Citi','2018-09-03','2018-12-29'),(170,366,'5465698185222380','2023-06-03','Bank Of America','2019-05-05','2018-10-08'),(171,923,'5195204955500430','2023-04-16','Chase','2019-05-10','2018-06-28'),(172,221,'5122827890979770','2023-09-10','Discover','2018-11-06','2019-04-23'),(173,623,'5269175495346920','2024-05-14','Wells Fargo','2018-06-14','2019-01-30'),(174,723,'5476499325169270','2020-07-14','Citi','2018-10-08','2019-05-01'),(175,975,'5.23563E+15','2022-02-20','Bank Of America','2018-06-24','2018-10-30'),(176,473,'5371404486707960','2020-09-20','Chase','2019-01-17','2018-10-10'),(177,298,'5430826175420660','2020-12-03','Discover','2018-12-23','2019-05-15'),(178,445,'5338225095474700','2022-08-10','Wells Fargo','2019-01-11','2018-09-18'),(179,794,'5.39675E+15','2020-08-28','Citi','2019-02-08','2018-05-21'),(180,151,'5349333123301770','2023-02-23','Bank Of America','2018-09-02','2018-07-20'),(181,196,'5.46162E+15','2021-03-23','Chase','2019-03-13','2018-10-09'),(182,700,'5418088860985010','2023-04-04','Discover','2019-04-15','2018-12-09'),(183,909,'5148634720463070','2022-03-01','Wells Fargo','2019-04-05','2018-08-26'),(184,438,'5357232653746480','2023-09-24','Citi','2018-12-14','2018-10-26'),(185,327,'5.34888E+15','2022-03-10','Bank Of America','2018-06-29','2019-02-26'),(186,524,'5359735237956100','2023-05-09','Chase','2018-08-17','2018-07-13'),(187,158,'5308226060852050','2022-02-04','Discover','2018-09-23','2018-06-01'),(188,310,'5.42925E+15','2022-09-23','Wells Fargo','2019-04-10','2019-01-02'),(189,651,'5322344971909870','2022-05-07','Citi','2019-05-10','2018-10-14'),(190,783,'5579253694388850','2023-03-24','Bank Of America','2018-11-20','2018-12-09'),(191,872,'5473827641565910','2023-02-05','Chase','2019-03-15','2018-08-24'),(192,627,'5422061994595130','2020-09-06','Discover','2019-02-05','2018-07-29'),(193,197,'5.48982E+15','2021-03-23','Wells Fargo','2018-08-18','2019-04-11'),(194,476,'5338543077073250','2022-07-28','Citi','2018-06-24','2018-12-16'),(195,544,'5314007111854970','2024-05-03','Bank Of America','2018-11-04','2018-05-26'),(196,353,'5257551225783030','2022-07-15','Chase','2018-10-10','2018-08-19'),(197,925,'5490605485276900','2021-07-24','Discover','2019-04-15','2019-01-17'),(198,918,'5409443706220500','2024-05-13','Wells Fargo','2019-03-21','2018-10-01');
/*!40000 ALTER TABLE `credit_card_details` ENABLE KEYS */;
UNLOCK TABLES;

--
-- Temporary view structure for view `error_transaction`
--

DROP TABLE IF EXISTS `error_transaction`;
/*!50001 DROP VIEW IF EXISTS `error_transaction`*/;
SET @saved_cs_client     = @@character_set_client;
SET character_set_client = utf8mb4;
/*!50001 CREATE VIEW `error_transaction` AS SELECT 
 1 AS `transaction_id`,
 1 AS `split_id`,
 1 AS `Transaction_Amt`,
 1 AS `Split_amount`*/;
SET character_set_client = @saved_cs_client;

--
-- Table structure for table `future_bills`
--

DROP TABLE IF EXISTS `future_bills`;
/*!40101 SET @saved_cs_client     = @@character_set_client */;
 SET character_set_client = utf8mb4 ;
CREATE TABLE `future_bills` (
  `User_id` int(11) DEFAULT NULL,
  `Bill_id` int(11) NOT NULL,
  `Invoice_number` varchar(25) DEFAULT NULL,
  `Bill_date` date DEFAULT NULL,
  `Due_date` date DEFAULT NULL,
  `Bill_amount` decimal(10,3) DEFAULT NULL,
  `Created_date` date DEFAULT NULL,
  `Last_update_date` date DEFAULT NULL,
  PRIMARY KEY (`Bill_id`),
  KEY `R_23` (`User_id`),
  CONSTRAINT `R_23` FOREIGN KEY (`User_id`) REFERENCES `user_details` (`User_id`)
) ENGINE=InnoDB DEFAULT CHARSET=utf8mb4 COLLATE=utf8mb4_0900_ai_ci;
/*!40101 SET character_set_client = @saved_cs_client */;

--
-- Dumping data for table `future_bills`
--

LOCK TABLES `future_bills` WRITE;
/*!40000 ALTER TABLE `future_bills` DISABLE KEYS */;
INSERT INTO `future_bills` VALUES (1,200,'501INV','2019-04-09','2019-04-21',7908.000,'2018-06-30','2019-03-28'),(1,201,'502INV','2018-12-30','2019-07-10',6803.000,'2018-09-08','2019-02-22'),(1,202,'503INV','2018-08-14','2018-12-07',5477.000,'2018-09-02','2018-10-19'),(1,203,'504INV','2018-08-15','2019-07-20',6876.000,'2018-08-31','2018-09-06'),(1,204,'505INV','2018-06-24','2018-12-18',5521.000,'2018-09-09','2019-04-28'),(1,205,'506INV','2018-07-06','2019-05-09',7859.000,'2018-11-01','2019-04-06'),(1,206,'507INV','2019-01-11','2019-02-09',8939.000,'2019-01-22','2019-01-04'),(1,207,'508INV','2018-11-18','2018-11-28',5189.000,'2018-10-05','2018-07-21'),(1,208,'509INV','2019-04-20','2018-12-01',7851.000,'2018-06-26','2018-07-26'),(1,209,'510INV','2019-02-19','2019-03-17',6946.000,'2018-07-16','2019-03-23'),(1,210,'511INV','2019-02-18','2019-06-22',7707.000,'2018-05-23','2018-09-16'),(1,211,'512INV','2018-11-07','2018-08-17',5496.000,'2019-03-03','2019-01-24'),(1,212,'513INV','2018-06-15','2018-09-16',8761.000,'2018-07-15','2019-03-17'),(1,213,'514INV','2019-01-23','2019-02-09',8298.000,'2018-10-31','2019-02-24'),(1,214,'515INV','2019-01-06','2018-10-29',6558.000,'2018-10-02','2019-03-14'),(1,215,'516INV','2018-08-05','2018-10-02',6049.000,'2019-03-02','2018-07-25'),(1,216,'517INV','2018-07-10','2019-01-25',8619.000,'2018-09-18','2018-11-16'),(1,217,'518INV','2018-11-28','2019-03-22',7642.000,'2019-01-06','2019-04-21'),(1,218,'519INV','2018-11-08','2018-06-18',5421.000,'2018-12-31','2018-12-17'),(1,219,'520INV','2018-06-08','2018-10-28',7854.000,'2018-07-09','2018-12-10'),(1,220,'521INV','2019-02-21','2018-10-23',5069.000,'2018-07-06','2019-02-25'),(1,221,'522INV','2019-04-10','2019-06-13',5300.000,'2019-02-27','2018-09-20'),(1,222,'523INV','2019-04-18','2019-03-06',7198.000,'2018-08-24','2019-02-23'),(1,223,'524INV','2018-05-24','2019-01-16',8708.000,'2019-03-01','2018-07-05'),(1,224,'525INV','2018-07-13','2019-04-10',6727.000,'2018-07-26','2019-04-18'),(1,225,'526INV','2019-02-20','2019-05-09',8905.000,'2018-07-06','2018-06-17'),(1,226,'527INV','2018-09-19','2018-11-02',8445.000,'2018-09-12','2018-07-22'),(1,227,'528INV','2019-03-28','2019-01-28',9271.000,'2018-10-17','2019-03-14'),(1,228,'529INV','2018-07-19','2018-09-25',6690.000,'2018-08-16','2018-09-10'),(1,229,'530INV','2018-12-02','2018-09-12',5706.000,'2019-03-08','2019-02-10'),(1,230,'531INV','2018-12-23','2018-08-25',9156.000,'2018-11-19','2018-06-15'),(1,231,'532INV','2018-09-18','2019-07-23',8671.000,'2019-04-27','2019-04-29'),(1,232,'533INV','2018-12-03','2018-12-16',5730.000,'2018-10-17','2018-10-01'),(1,233,'534INV','2018-08-23','2018-07-01',6689.000,'2018-05-19','2018-11-25'),(1,234,'535INV','2018-10-13','2018-08-15',7000.000,'2018-05-22','2019-03-24'),(1,235,'536INV','2018-08-26','2019-08-01',7746.000,'2018-08-08','2018-09-28'),(1,236,'537INV','2018-07-21','2018-11-16',8492.000,'2018-12-29','2018-12-01'),(1,237,'538INV','2018-07-04','2018-07-11',8060.000,'2018-08-08','2018-06-07'),(1,238,'539INV','2019-03-29','2018-06-24',9242.000,'2018-11-14','2019-03-18'),(1,239,'540INV','2019-05-01','2018-06-21',8519.000,'2019-02-04','2019-01-01'),(1,240,'541INV','2019-03-04','2018-06-07',7251.000,'2018-07-04','2019-04-03'),(1,241,'542INV','2018-11-10','2018-11-04',7298.000,'2019-04-28','2018-06-11'),(1,242,'543INV','2019-03-29','2019-02-17',5808.000,'2019-01-31','2018-07-14'),(1,243,'544INV','2018-11-20','2019-05-01',8462.000,'2019-03-17','2019-03-23'),(1,244,'545INV','2018-11-12','2018-09-18',7457.000,'2019-04-30','2019-01-08'),(1,245,'546INV','2018-07-25','2019-04-18',6272.000,'2018-05-20','2019-05-02'),(1,246,'547INV','2018-11-15','2019-05-12',6567.000,'2018-09-02','2019-04-01'),(1,247,'548INV','2018-09-19','2019-07-30',6761.000,'2019-04-03','2019-03-05'),(1,248,'549INV','2019-02-22','2019-03-16',7201.000,'2019-01-21','2019-05-11'),(1,249,'550INV','2018-06-09','2018-12-22',8986.000,'2019-01-07','2019-02-18'),(1,250,'551INV','2018-12-27','2018-11-16',9179.000,'2018-10-09','2019-04-03'),(1,251,'552INV','2018-05-21','2018-07-30',9294.000,'2018-10-06','2018-12-20'),(1,252,'553INV','2019-03-28','2018-12-03',5295.000,'2018-07-03','2019-01-15'),(1,253,'554INV','2018-08-07','2018-10-13',6211.000,'2018-08-11','2018-08-03'),(1,254,'555INV','2019-01-19','2018-08-29',5558.000,'2019-05-11','2018-06-20'),(1,255,'556INV','2018-12-07','2018-09-25',8326.000,'2018-06-05','2019-03-28'),(1,256,'557INV','2018-12-10','2019-02-01',5685.000,'2019-04-09','2019-04-05'),(1,257,'558INV','2019-01-29','2018-09-22',9849.000,'2018-08-13','2019-03-15'),(1,258,'559INV','2018-11-23','2019-05-20',5465.000,'2019-05-13','2019-04-25'),(1,259,'560INV','2019-02-19','2018-11-27',7353.000,'2018-11-14','2019-02-24'),(1,260,'561INV','2019-04-25','2018-09-24',9914.000,'2018-06-25','2019-01-15'),(1,261,'562INV','2018-12-07','2018-08-28',9375.000,'2019-05-07','2019-03-23'),(1,262,'563INV','2019-04-21','2019-03-19',9332.000,'2019-04-22','2019-01-21'),(1,263,'564INV','2018-06-04','2018-05-19',5177.000,'2018-09-16','2018-08-25'),(1,264,'565INV','2018-09-09','2019-05-24',7885.000,'2019-01-26','2018-09-01'),(1,265,'566INV','2019-02-10','2019-05-01',7065.000,'2018-06-02','2019-05-06'),(1,266,'567INV','2018-06-26','2019-07-13',5099.000,'2019-02-27','2018-08-26'),(1,267,'568INV','2018-12-30','2018-12-06',9169.000,'2019-03-13','2019-02-27'),(1,268,'569INV','2019-03-10','2018-10-08',6714.000,'2019-02-15','2018-10-02'),(1,269,'570INV','2018-11-08','2018-12-08',5481.000,'2019-03-31','2018-08-05'),(1,270,'571INV','2018-08-31','2018-07-01',6485.000,'2019-03-21','2018-11-30'),(1,271,'572INV','2018-11-18','2019-05-05',7882.000,'2019-04-09','2018-12-23'),(1,272,'573INV','2019-01-11','2019-03-29',9269.000,'2019-03-04','2018-11-22'),(1,273,'574INV','2019-01-19','2018-10-12',6836.000,'2018-07-31','2018-10-22'),(1,274,'575INV','2018-05-26','2018-10-11',6832.000,'2018-05-29','2019-02-01'),(1,275,'576INV','2019-04-16','2018-10-03',6141.000,'2018-09-23','2018-06-05'),(1,276,'577INV','2018-09-12','2018-12-19',9055.000,'2018-09-21','2018-10-23'),(1,277,'578INV','2019-01-12','2018-07-16',9263.000,'2018-09-18','2018-09-05'),(1,278,'579INV','2018-07-13','2018-11-25',9750.000,'2018-11-01','2018-12-22'),(1,279,'580INV','2018-07-22','2019-06-21',5456.000,'2018-08-01','2018-09-02'),(1,280,'581INV','2018-12-02','2019-02-12',6275.000,'2019-03-26','2018-06-12'),(1,281,'582INV','2019-03-13','2019-06-23',6476.000,'2019-02-21','2018-06-07'),(1,282,'583INV','2019-02-25','2018-10-06',9408.000,'2018-09-09','2018-10-07'),(1,283,'584INV','2018-10-15','2019-01-13',8228.000,'2018-09-17','2018-11-14'),(1,284,'585INV','2019-01-11','2019-02-23',5837.000,'2018-09-22','2019-02-14'),(1,285,'586INV','2018-06-19','2019-04-28',9583.000,'2018-11-12','2018-11-18'),(1,286,'587INV','2019-05-08','2018-10-09',7986.000,'2019-03-23','2018-09-04'),(1,287,'588INV','2018-08-04','2018-12-18',9799.000,'2018-06-29','2019-03-28'),(1,288,'589INV','2018-08-27','2019-03-28',9347.000,'2018-10-23','2019-04-11'),(1,289,'590INV','2018-08-09','2018-10-09',7076.000,'2019-04-04','2018-09-11'),(1,290,'591INV','2018-06-07','2019-03-17',6623.000,'2019-04-24','2019-01-23'),(1,291,'592INV','2019-02-10','2018-05-22',5040.000,'2019-01-09','2019-03-02'),(1,292,'593INV','2018-07-31','2019-04-06',9591.000,'2018-07-10','2018-06-29'),(1,293,'594INV','2018-09-09','2019-01-22',8695.000,'2018-12-28','2019-02-17'),(1,294,'595INV','2018-08-08','2018-12-29',9158.000,'2018-10-30','2018-09-01'),(1,295,'596INV','2018-08-24','2019-07-01',7543.000,'2018-10-25','2018-09-10'),(1,296,'597INV','2018-08-06','2019-07-01',9956.000,'2019-02-25','2018-07-02'),(1,297,'598INV','2018-07-04','2018-10-24',6738.000,'2018-09-05','2018-08-09'),(1,298,'599INV','2018-08-29','2018-11-28',6858.000,'2019-03-09','2018-05-16'),(1,299,'600INV','2018-11-05','2019-01-08',9728.000,'2019-03-13','2019-03-13');
/*!40000 ALTER TABLE `future_bills` ENABLE KEYS */;
UNLOCK TABLES;

--
-- Temporary view structure for view `multi_transaction`
--

DROP TABLE IF EXISTS `multi_transaction`;
/*!50001 DROP VIEW IF EXISTS `multi_transaction`*/;
SET @saved_cs_client     = @@character_set_client;
SET character_set_client = utf8mb4;
/*!50001 CREATE VIEW `multi_transaction` AS SELECT 
 1 AS `count(*)`,
 1 AS `transaction_id`*/;
SET character_set_client = @saved_cs_client;

--
-- Table structure for table `payment_method_details`
--

DROP TABLE IF EXISTS `payment_method_details`;
/*!40101 SET @saved_cs_client     = @@character_set_client */;
 SET character_set_client = utf8mb4 ;
CREATE TABLE `payment_method_details` (
  `User_id` int(11) NOT NULL,
  `Payment_method_id` int(11) NOT NULL,
  `Pymt_method_type` varchar(1) DEFAULT NULL,
  `Created_Date` date DEFAULT NULL,
  `Last_Updated_Date` date DEFAULT NULL,
  PRIMARY KEY (`Payment_method_id`),
  KEY `R_7` (`User_id`),
  CONSTRAINT `R_7` FOREIGN KEY (`User_id`) REFERENCES `user_details` (`User_id`)
) ENGINE=InnoDB DEFAULT CHARSET=utf8mb4 COLLATE=utf8mb4_0900_ai_ci;
/*!40101 SET character_set_client = @saved_cs_client */;

--
-- Dumping data for table `payment_method_details`
--

LOCK TABLES `payment_method_details` WRITE;
/*!40000 ALTER TABLE `payment_method_details` DISABLE KEYS */;
INSERT INTO `payment_method_details` VALUES (107,100,'D','2018-08-19','2019-03-10'),(125,101,'C','2019-05-11','2018-10-14'),(1,102,'W','2018-07-25','2018-12-03'),(143,103,'N','2018-07-04','2018-07-03'),(147,104,'D','2018-08-26','2018-09-09'),(133,105,'C','2019-04-09','2018-10-08'),(145,106,'W','2018-07-17','2018-11-11'),(121,107,'N','2019-01-12','2019-05-12'),(104,108,'D','2018-09-25','2018-10-11'),(111,109,'C','2019-03-26','2019-03-08'),(127,110,'W','2018-07-26','2019-04-13'),(107,111,'N','2019-02-05','2019-04-05'),(120,112,'D','2019-03-12','2018-11-25'),(134,113,'C','2018-05-26','2019-04-25'),(136,114,'W','2019-04-03','2018-08-19'),(125,115,'N','2018-10-20','2018-08-29'),(145,116,'D','2018-11-16','2019-01-12'),(130,117,'C','2018-10-26','2019-04-30'),(139,118,'W','2018-08-03','2018-10-17'),(111,119,'N','2018-11-08','2018-12-04'),(105,120,'D','2018-10-13','2019-03-26'),(148,121,'C','2018-08-23','2019-01-12'),(111,122,'W','2019-01-01','2018-12-12'),(134,123,'N','2019-04-20','2019-01-17'),(121,124,'D','2018-12-29','2019-01-31'),(120,125,'C','2019-03-05','2018-12-27'),(106,126,'W','2018-08-15','2018-10-31'),(102,127,'N','2018-07-30','2018-11-09'),(150,128,'D','2018-06-26','2018-09-26'),(144,129,'C','2019-04-26','2018-11-28'),(137,130,'W','2018-05-21','2018-11-28'),(136,131,'N','2018-09-09','2019-02-14'),(122,132,'D','2019-03-17','2018-09-22'),(117,133,'C','2018-10-19','2018-06-15'),(143,134,'W','2019-03-17','2018-07-12'),(130,135,'N','2019-04-16','2018-12-18'),(115,136,'D','2018-12-12','2018-09-24'),(137,137,'C','2019-02-19','2018-05-20'),(105,138,'W','2018-05-16','2019-04-07'),(108,139,'N','2018-08-13','2019-03-08'),(125,140,'D','2019-03-20','2018-08-07'),(142,141,'C','2019-04-05','2019-01-15'),(127,142,'W','2018-06-14','2018-07-12'),(135,143,'N','2018-08-01','2019-02-24'),(136,144,'D','2018-08-29','2018-07-27'),(120,145,'C','2018-05-30','2018-08-16'),(118,146,'W','2018-06-24','2018-07-09'),(118,147,'N','2019-04-13','2018-08-23'),(143,148,'D','2018-05-19','2018-11-22'),(122,149,'C','2018-05-25','2018-11-15'),(145,150,'W','2018-08-11','2019-04-11'),(122,151,'N','2018-10-05','2018-05-17'),(114,152,'D','2018-06-08','2018-07-30'),(104,153,'C','2018-10-16','2019-02-13'),(127,154,'W','2018-10-25','2019-03-02'),(143,155,'N','2018-06-11','2019-02-12'),(114,156,'D','2018-10-21','2019-04-29'),(104,157,'C','2018-10-23','2019-04-14'),(150,158,'W','2018-11-16','2018-11-19'),(106,159,'N','2018-05-16','2018-09-20'),(105,160,'D','2018-10-16','2018-11-06'),(104,161,'C','2018-10-08','2018-10-30'),(139,162,'W','2018-09-24','2018-12-14'),(114,163,'N','2019-03-07','2019-02-27'),(103,164,'D','2019-02-05','2018-07-11'),(120,165,'C','2019-02-11','2018-12-23'),(108,166,'W','2019-01-31','2018-11-21'),(102,167,'N','2019-04-21','2018-07-07'),(146,168,'D','2018-11-10','2018-12-26'),(123,169,'C','2019-01-27','2018-11-06'),(112,170,'W','2019-03-27','2018-12-02'),(118,171,'N','2018-11-29','2018-06-13'),(130,172,'D','2018-08-12','2019-01-27'),(111,173,'C','2019-02-08','2018-05-24'),(127,174,'W','2019-04-29','2018-09-10'),(121,175,'N','2019-03-27','2019-04-30'),(123,176,'D','2018-08-04','2019-05-13'),(112,177,'C','2018-09-04','2019-02-05'),(109,178,'W','2018-10-26','2018-08-11'),(120,179,'N','2018-12-10','2018-06-18'),(111,180,'D','2019-03-03','2019-03-08'),(114,181,'C','2018-11-05','2018-11-17'),(142,182,'W','2018-06-14','2019-02-16'),(111,183,'N','2018-09-07','2018-12-29'),(135,184,'D','2019-01-03','2018-12-09'),(114,185,'C','2018-07-26','2018-08-12'),(123,186,'W','2018-11-10','2018-12-14'),(139,187,'N','2018-07-10','2018-07-12'),(132,188,'D','2018-06-06','2019-01-17'),(117,189,'C','2018-07-28','2019-04-18'),(122,190,'W','2018-11-15','2018-09-16'),(118,191,'N','2018-07-22','2019-02-01'),(123,192,'D','2019-03-24','2019-01-18'),(120,193,'C','2018-09-11','2019-04-11'),(147,194,'W','2018-08-21','2018-09-19'),(105,195,'N','2018-07-11','2018-11-27'),(123,196,'D','2019-04-29','2019-01-20'),(143,197,'C','2018-06-06','2018-10-25'),(105,198,'W','2019-03-05','2019-02-13'),(116,199,'N','2019-04-25','2019-03-29');
/*!40000 ALTER TABLE `payment_method_details` ENABLE KEYS */;
UNLOCK TABLES;

--
-- Table structure for table `security_questions`
--

DROP TABLE IF EXISTS `security_questions`;
/*!40101 SET @saved_cs_client     = @@character_set_client */;
 SET character_set_client = utf8mb4 ;
CREATE TABLE `security_questions` (
  `Question_ID` int(11) NOT NULL,
  `Security_Q_Desc` varchar(100) DEFAULT NULL,
  `Created_Date` date DEFAULT NULL,
  `Last_Updated_Date` date DEFAULT NULL,
  PRIMARY KEY (`Question_ID`)
) ENGINE=InnoDB DEFAULT CHARSET=utf8mb4 COLLATE=utf8mb4_0900_ai_ci;
/*!40101 SET character_set_client = @saved_cs_client */;

--
-- Dumping data for table `security_questions`
--

LOCK TABLES `security_questions` WRITE;
/*!40000 ALTER TABLE `security_questions` DISABLE KEYS */;
INSERT INTO `security_questions` VALUES (1,'Who was your childhood hero?','2019-05-16','2019-05-16'),(2,'What was the name of the boy/girl you had your second kiss with?','2019-05-16','2019-05-16'),(3,'Where were you when you had your first alcoholic drink cigarette?','2019-05-16','2019-05-16'),(4,'What is your mother’s maiden name?','2019-05-16','2019-05-16'),(5,'What is the colour of your car?','2019-05-16','2019-05-16'),(6,'What was the name of your second pet?','2019-05-16','2019-05-16'),(7,'What was the last name of your third-grade teacher?','2019-05-16','2019-05-16'),(8,'What is your favourite color?','2019-05-16','2019-05-16');
/*!40000 ALTER TABLE `security_questions` ENABLE KEYS */;
UNLOCK TABLES;

--
-- Table structure for table `transaction_details`
--

DROP TABLE IF EXISTS `transaction_details`;
/*!40101 SET @saved_cs_client     = @@character_set_client */;
 SET character_set_client = utf8mb4 ;
CREATE TABLE `transaction_details` (
  `Payment_method_id` int(11) NOT NULL,
  `Transaction_ID` int(11) NOT NULL,
  `Category_ID` int(11) DEFAULT NULL,
  `Transaction_Date` date DEFAULT NULL,
  `Transaction_Amt` decimal(10,3) DEFAULT NULL,
  `Created_Date` date DEFAULT NULL,
  `Last_Updated_date` date DEFAULT NULL,
  PRIMARY KEY (`Transaction_ID`),
  KEY `R_9` (`Payment_method_id`),
  CONSTRAINT `R_9` FOREIGN KEY (`Payment_method_id`) REFERENCES `payment_method_details` (`Payment_method_id`)
) ENGINE=InnoDB DEFAULT CHARSET=utf8mb4 COLLATE=utf8mb4_0900_ai_ci;
/*!40101 SET character_set_client = @saved_cs_client */;

--
-- Dumping data for table `transaction_details`
--

LOCK TABLES `transaction_details` WRITE;
/*!40000 ALTER TABLE `transaction_details` DISABLE KEYS */;
INSERT INTO `transaction_details` VALUES (100,1000,10,'2019-03-20',550.000,'2018-07-09','2019-12-28'),(177,1001,6,'2019-04-13',776.640,'2020-03-24','2019-02-13'),(161,1002,11,'2019-03-11',284.980,'2018-11-18','2018-05-24'),(156,1003,3,'2019-01-19',208.940,'2018-10-20','2018-12-11'),(127,1004,11,'2019-01-15',673.660,'2020-01-03','2018-08-12'),(101,1005,1,'2019-02-20',533.050,'2019-07-15','2019-06-23'),(184,1006,9,'2019-01-28',689.170,'2018-09-28','2019-03-17'),(123,1007,10,'2019-03-14',673.710,'2019-04-13','2018-07-29'),(120,1008,2,'2019-04-23',313.870,'2018-06-08','2018-10-28'),(126,1009,5,'2019-03-21',126.620,'2020-01-01','2018-07-29'),(129,1010,6,'2019-03-08',601.360,'2019-10-30','2019-06-30'),(103,1011,8,'2019-02-12',387.800,'2019-03-19','2019-09-27'),(116,1012,5,'2019-03-24',393.110,'2020-05-07','2019-11-22'),(178,1013,3,'2019-01-12',448.450,'2018-12-04','2020-04-11'),(162,1014,1,'2019-02-15',122.830,'2019-04-13','2019-12-08'),(111,1015,8,'2019-02-14',439.350,'2018-07-09','2019-08-20'),(172,1016,2,'2019-04-03',420.250,'2018-05-29','2020-04-07'),(146,1017,5,'2019-01-19',233.970,'2018-07-28','2020-05-04'),(153,1018,2,'2019-01-28',433.020,'2018-06-06','2019-03-14'),(118,1019,11,'2019-02-06',597.250,'2020-01-30','2018-11-10'),(146,1020,9,'2019-02-07',687.850,'2018-09-24','2020-03-18'),(121,1021,9,'2019-03-14',456.680,'2019-08-01','2018-09-28'),(157,1022,5,'2019-01-24',119.320,'2019-04-17','2018-08-16'),(134,1023,7,'2019-02-28',327.600,'2019-04-06','2019-11-19'),(188,1024,3,'2019-01-12',720.690,'2018-06-26','2019-04-05'),(105,1025,5,'2019-04-09',630.320,'2018-10-29','2018-10-20'),(163,1026,2,'2019-01-29',105.070,'2019-08-04','2018-06-21'),(195,1027,1,'2019-03-12',677.070,'2018-06-20','2020-01-04'),(171,1028,9,'2019-03-31',229.080,'2020-02-05','2018-05-20'),(124,1029,7,'2019-02-28',474.980,'2018-12-27','2018-09-12'),(173,1030,5,'2019-02-02',638.100,'2019-11-12','2019-10-21'),(151,1031,5,'2019-04-20',595.930,'2020-02-02','2019-09-27'),(165,1032,11,'2019-04-15',646.330,'2019-09-07','2019-01-18'),(134,1033,4,'2019-01-28',375.790,'2020-04-29','2019-09-16'),(101,1034,2,'2019-01-15',759.550,'2018-09-21','2019-05-10'),(158,1035,11,'2019-02-12',473.200,'2018-07-02','2019-04-02'),(195,1036,4,'2019-02-11',443.730,'2019-06-27','2019-02-07'),(144,1037,10,'2019-03-15',371.610,'2019-10-12','2019-05-15'),(137,1038,8,'2019-04-05',42.070,'2019-06-16','2020-04-01'),(148,1039,6,'2019-01-31',112.750,'2019-12-04','2018-07-21'),(121,1040,5,'2019-04-28',651.480,'2019-11-22','2019-06-28'),(186,1041,11,'2019-01-09',641.320,'2019-01-20','2019-01-26'),(152,1042,11,'2019-01-11',298.660,'2018-08-10','2019-10-09'),(195,1043,11,'2019-03-04',96.950,'2019-07-24','2019-10-20'),(191,1044,8,'2019-02-27',554.200,'2018-12-26','2020-02-13'),(136,1045,3,'2019-02-27',100.420,'2018-06-13','2019-08-30'),(132,1046,2,'2019-03-22',408.340,'2018-12-12','2019-02-12'),(134,1047,7,'2019-03-15',530.280,'2020-05-08','2018-07-27'),(108,1048,11,'2019-04-04',159.480,'2018-08-07','2019-02-12'),(139,1049,2,'2019-02-28',92.030,'2019-03-26','2019-08-18'),(183,1050,7,'2019-03-08',466.800,'2018-11-05','2018-06-16'),(160,1051,1,'2019-03-29',756.430,'2019-05-28','2020-02-14'),(173,1052,11,'2019-02-26',593.590,'2019-03-25','2020-05-13'),(100,1053,4,'2019-02-16',409.760,'2019-10-04','2018-09-24'),(153,1054,11,'2019-03-12',798.740,'2019-09-19','2020-03-21'),(189,1055,6,'2019-03-22',540.380,'2019-10-10','2018-07-03'),(140,1056,2,'2019-01-16',720.500,'2019-06-04','2020-02-03'),(148,1057,11,'2019-02-01',556.100,'2018-11-19','2019-04-04'),(185,1058,5,'2019-01-09',207.330,'2020-02-24','2018-09-01'),(136,1059,6,'2019-03-13',543.350,'2018-12-18','2019-09-29'),(165,1060,11,'2019-03-01',173.320,'2019-03-15','2018-11-16'),(149,1061,5,'2019-01-15',291.040,'2018-07-01','2019-05-19'),(151,1062,6,'2019-03-01',675.730,'2019-01-15','2018-06-11'),(135,1063,8,'2019-04-06',158.590,'2018-09-30','2019-02-26'),(151,1064,11,'2019-03-07',175.530,'2020-05-06','2019-01-29'),(123,1065,9,'2019-02-25',751.870,'2019-05-28','2018-10-15'),(155,1066,2,'2019-01-31',616.710,'2019-02-23','2020-01-05'),(185,1067,10,'2019-01-12',656.210,'2020-03-14','2019-10-03'),(183,1068,10,'2019-03-04',28.630,'2019-05-04','2019-03-30'),(156,1069,9,'2019-03-31',408.400,'2020-02-06','2019-09-01'),(153,1070,4,'2019-03-06',83.850,'2019-01-01','2018-08-04'),(128,1071,8,'2019-02-12',692.280,'2018-10-08','2019-12-31'),(162,1072,2,'2019-04-10',78.490,'2018-08-07','2019-11-03'),(181,1073,1,'2019-01-07',420.400,'2019-01-06','2019-08-23'),(107,1074,10,'2019-02-28',514.760,'2019-10-21','2019-12-02'),(132,1075,2,'2019-03-02',27.400,'2019-01-24','2018-11-15'),(115,1076,1,'2019-04-04',222.080,'2019-10-16','2019-01-28'),(132,1077,8,'2019-04-29',788.250,'2018-08-14','2018-07-30'),(156,1078,4,'2019-04-27',338.390,'2019-07-19','2019-04-04'),(125,1079,9,'2019-03-14',278.120,'2019-08-01','2019-01-08'),(171,1080,4,'2019-04-18',320.470,'2019-01-09','2019-01-01'),(150,1081,4,'2019-02-01',8.020,'2019-07-05','2019-10-16'),(171,1082,9,'2019-04-07',799.830,'2020-03-26','2019-01-01'),(181,1083,10,'2019-02-11',574.550,'2019-11-13','2019-10-29'),(128,1084,6,'2019-03-28',29.000,'2018-09-27','2019-08-05'),(144,1085,1,'2019-02-01',281.010,'2019-12-05','2020-02-28'),(149,1086,4,'2019-04-17',141.670,'2018-10-13','2019-12-27'),(153,1087,4,'2019-01-08',28.270,'2019-10-17','2018-09-17'),(148,1088,3,'2019-03-20',724.030,'2020-05-15','2019-11-26'),(138,1089,1,'2019-02-24',280.780,'2019-07-20','2019-02-14'),(196,1090,11,'2019-04-28',40.380,'2019-10-27','2019-02-03'),(152,1091,3,'2019-04-06',381.470,'2019-11-26','2019-04-12'),(112,1092,5,'2019-03-20',651.460,'2019-05-14','2018-07-05'),(111,1093,7,'2019-04-11',77.310,'2019-04-10','2018-11-08'),(160,1094,1,'2019-02-07',126.150,'2019-04-07','2018-06-24'),(158,1095,3,'2019-01-09',542.650,'2019-03-19','2018-07-09'),(165,1096,1,'2019-02-12',69.970,'2019-10-07','2019-04-24'),(114,1097,8,'2019-01-01',335.510,'2018-12-01','2018-11-15'),(134,1098,8,'2019-01-09',670.750,'2019-03-17','2019-09-28'),(161,1099,5,'2019-02-23',36.610,'2019-06-20','2020-04-17'),(144,1100,4,'2019-04-10',349.940,'2018-10-23','2019-02-28'),(191,1101,5,'2019-01-11',393.970,'2018-07-16','2019-02-04'),(108,1102,8,'2019-04-27',582.790,'2018-10-11','2019-03-14'),(150,1103,1,'2019-03-26',241.040,'2020-03-05','2020-04-16'),(146,1104,2,'2019-01-14',496.200,'2018-12-05','2019-05-11'),(157,1105,11,'2019-02-05',476.510,'2020-03-11','2019-01-06'),(173,1106,10,'2019-02-16',47.300,'2018-11-24','2018-07-06'),(184,1107,1,'2019-02-07',189.670,'2020-02-28','2020-03-03'),(102,1108,4,'2019-01-03',297.910,'2019-07-03','2019-06-26'),(128,1109,4,'2019-01-21',464.460,'2018-07-31','2019-07-19'),(161,1110,11,'2019-04-14',78.020,'2020-04-23','2020-01-17'),(153,1111,7,'2019-01-24',445.410,'2019-10-15','2019-01-25'),(106,1112,9,'2019-02-20',251.140,'2018-10-27','2019-01-15'),(173,1113,11,'2019-01-06',689.630,'2018-10-14','2018-10-16'),(121,1114,8,'2019-01-16',16.390,'2020-01-01','2019-09-26'),(101,1115,7,'2019-03-14',405.500,'2019-05-05','2019-06-22'),(150,1116,2,'2019-02-27',633.410,'2020-01-13','2018-05-30'),(108,1117,10,'2019-04-03',363.310,'2019-10-31','2019-01-14'),(178,1118,8,'2019-02-14',138.880,'2019-10-11','2019-03-26'),(115,1119,5,'2019-01-29',330.190,'2019-07-27','2018-06-08'),(176,1120,6,'2019-01-02',197.110,'2020-04-22','2019-10-19'),(123,1121,3,'2019-01-19',603.800,'2019-11-02','2019-03-25'),(194,1122,8,'2019-04-11',425.060,'2020-01-11','2019-06-29'),(132,1123,10,'2019-01-19',12.020,'2019-04-30','2018-07-24'),(126,1124,2,'2019-01-11',59.460,'2018-06-26','2019-12-21'),(127,1125,6,'2019-03-08',710.150,'2019-02-14','2019-08-13'),(196,1126,7,'2019-04-10',119.490,'2018-11-28','2019-03-13'),(136,1127,11,'2019-04-13',446.690,'2018-12-25','2018-08-16'),(113,1128,10,'2019-01-11',274.060,'2019-11-10','2019-07-16'),(173,1129,11,'2019-02-09',490.080,'2019-03-30','2020-02-01'),(199,1130,11,'2019-04-29',3.630,'2018-11-19','2018-10-02'),(145,1131,5,'2019-02-23',377.600,'2019-09-05','2019-03-14'),(172,1132,7,'2019-02-19',538.510,'2018-06-14','2019-03-18'),(179,1133,1,'2019-03-08',574.960,'2018-10-24','2019-09-05'),(169,1134,6,'2019-03-05',741.830,'2019-07-27','2020-01-29'),(150,1135,1,'2019-01-17',566.710,'2019-08-14','2020-04-08'),(153,1136,1,'2019-02-05',240.940,'2019-10-01','2019-05-21'),(159,1137,8,'2019-03-11',82.570,'2020-01-02','2018-09-21'),(105,1138,6,'2019-02-19',320.590,'2019-01-14','2020-02-09'),(168,1139,6,'2019-04-16',155.320,'2019-07-04','2019-07-18'),(192,1140,5,'2019-01-17',674.280,'2019-06-19','2019-02-16'),(128,1141,2,'2019-03-20',787.620,'2019-05-29','2020-03-06'),(176,1142,8,'2019-01-07',481.770,'2018-07-29','2019-05-31'),(197,1143,8,'2019-03-20',216.140,'2020-02-18','2020-04-23'),(179,1144,5,'2019-01-03',251.230,'2020-01-15','2019-10-03'),(113,1145,8,'2019-03-18',63.490,'2019-09-03','2019-09-10'),(125,1146,9,'2019-03-26',215.260,'2019-12-03','2020-04-07'),(138,1147,3,'2019-04-19',313.300,'2019-03-16','2020-03-07'),(150,1148,8,'2019-03-19',216.160,'2019-06-15','2019-05-31'),(133,1149,6,'2019-03-22',752.410,'2018-07-27','2020-02-22'),(111,1150,8,'2019-01-22',600.110,'2018-10-23','2020-01-21'),(195,1151,2,'2019-03-18',716.170,'2019-05-07','2018-11-12'),(137,1152,10,'2019-03-24',108.080,'2019-03-14','2019-05-14'),(103,1153,7,'2019-03-13',299.260,'2020-03-27','2019-07-14'),(120,1154,4,'2019-04-12',50.930,'2019-04-21','2018-10-16'),(184,1155,8,'2019-01-17',756.030,'2019-01-30','2020-01-02'),(136,1156,11,'2019-01-16',119.280,'2018-10-04','2018-12-03'),(110,1157,10,'2019-01-27',356.160,'2018-11-01','2019-12-27'),(160,1158,11,'2019-01-31',481.370,'2019-08-27','2018-11-26'),(127,1159,5,'2019-03-01',345.910,'2018-08-24','2019-08-30'),(141,1160,2,'2019-03-12',189.270,'2019-04-25','2020-02-26'),(144,1161,4,'2019-04-10',305.470,'2019-01-16','2020-02-05'),(145,1162,3,'2019-03-04',101.930,'2018-09-15','2019-02-13'),(143,1163,2,'2019-03-13',40.070,'2019-09-13','2018-06-04'),(198,1164,11,'2019-03-02',156.260,'2018-11-24','2018-06-21'),(189,1165,10,'2019-03-26',281.450,'2019-12-10','2019-05-30'),(173,1166,8,'2019-04-02',186.340,'2020-02-02','2020-04-07'),(195,1167,8,'2019-04-18',294.210,'2019-04-02','2019-05-01'),(118,1168,7,'2019-02-12',275.930,'2018-06-29','2019-07-06'),(168,1169,7,'2019-02-22',505.170,'2019-10-24','2018-11-04'),(125,1170,1,'2019-04-18',697.230,'2020-04-30','2019-11-06'),(154,1171,4,'2019-03-10',320.900,'2020-01-12','2019-04-06'),(132,1172,9,'2019-02-24',550.310,'2019-08-17','2020-04-08'),(149,1173,3,'2019-02-10',421.960,'2018-06-10','2019-11-12'),(149,1174,2,'2019-04-03',764.690,'2019-08-21','2018-08-03'),(160,1175,10,'2019-01-18',666.000,'2018-07-30','2019-06-15'),(105,1176,4,'2019-04-15',509.720,'2019-08-03','2019-03-07'),(131,1177,1,'2019-01-05',657.340,'2019-02-07','2020-05-06'),(192,1178,8,'2019-03-03',256.620,'2019-02-17','2019-08-04'),(160,1179,1,'2019-02-28',423.690,'2019-12-11','2018-09-21'),(181,1180,4,'2019-01-15',667.240,'2018-09-13','2019-04-13'),(115,1181,4,'2019-04-27',766.650,'2019-10-12','2018-08-14'),(139,1182,2,'2019-04-07',226.950,'2019-12-19','2018-06-25'),(180,1183,10,'2019-02-03',408.820,'2019-11-02','2018-10-25'),(159,1184,1,'2019-02-27',133.850,'2019-05-02','2018-09-06'),(124,1185,4,'2019-02-04',312.760,'2018-05-20','2018-06-14'),(118,1186,2,'2019-02-23',541.280,'2019-01-13','2019-07-14'),(141,1187,5,'2019-02-16',112.390,'2020-01-25','2018-07-21'),(146,1188,2,'2019-01-30',621.460,'2018-08-10','2019-11-10'),(141,1189,5,'2019-01-13',334.460,'2018-05-18','2018-06-17'),(177,1190,3,'2019-03-23',443.930,'2018-10-05','2018-09-08'),(199,1191,7,'2019-04-16',363.630,'2020-03-31','2019-03-04'),(151,1192,2,'2019-04-14',413.800,'2020-05-09','2018-12-04'),(165,1193,5,'2019-01-27',385.390,'2018-08-22','2018-11-16'),(119,1194,9,'2019-03-06',29.010,'2019-02-24','2020-01-07'),(124,1195,8,'2019-03-01',261.240,'2020-01-17','2018-12-07'),(136,1196,8,'2019-02-21',634.760,'2018-05-26','2019-08-02'),(199,1197,10,'2019-01-03',314.490,'2019-09-28','2019-05-08'),(150,1198,1,'2019-03-21',78.600,'2019-01-30','2019-04-14'),(123,1199,4,'2019-04-02',651.560,'2020-01-04','2019-06-19'),(130,1200,9,'2019-01-22',590.870,'2019-09-21','2018-08-24'),(118,1201,5,'2019-03-29',171.770,'2019-11-08','2020-03-29'),(188,1202,5,'2019-02-21',22.800,'2018-08-31','2019-06-06'),(197,1203,11,'2019-03-29',547.410,'2019-08-21','2020-04-24'),(123,1204,5,'2019-04-19',106.340,'2019-02-10','2020-01-30'),(143,1205,9,'2019-04-27',393.430,'2018-08-30','2020-04-19'),(193,1206,2,'2019-01-26',589.470,'2019-03-08','2018-09-07'),(125,1207,11,'2019-04-01',702.060,'2019-03-30','2019-11-21'),(165,1208,9,'2019-01-11',770.750,'2019-06-28','2019-02-16'),(185,1209,4,'2019-03-06',732.020,'2020-04-20','2019-04-09'),(168,1210,3,'2019-03-08',655.590,'2019-11-14','2019-07-28'),(181,1211,10,'2019-04-23',370.530,'2019-06-17','2018-10-13'),(143,1212,11,'2019-01-31',232.530,'2020-05-04','2019-03-08'),(160,1213,5,'2019-01-19',80.250,'2018-08-16','2019-11-05'),(153,1214,7,'2019-04-18',419.730,'2018-10-29','2020-04-03'),(159,1215,1,'2019-01-29',739.260,'2019-01-11','2019-01-15'),(133,1216,10,'2019-01-30',436.280,'2019-04-14','2018-12-24'),(134,1217,10,'2019-03-19',71.360,'2018-11-29','2019-06-08'),(190,1218,8,'2019-04-01',130.220,'2020-01-19','2018-11-01'),(141,1219,3,'2019-04-28',519.410,'2018-10-05','2020-03-15'),(130,1220,9,'2019-02-12',601.040,'2019-12-14','2018-08-19'),(100,1221,7,'2019-04-05',659.310,'2019-03-07','2019-05-05'),(187,1222,6,'2019-02-05',656.330,'2018-10-06','2019-06-12'),(176,1223,5,'2019-01-26',418.550,'2018-09-24','2020-01-07'),(180,1224,9,'2019-02-06',109.200,'2018-11-02','2020-01-06'),(160,1225,8,'2019-02-27',708.630,'2020-01-04','2018-12-30'),(156,1226,10,'2019-04-11',90.630,'2019-09-07','2019-12-18'),(156,1227,10,'2019-02-18',84.610,'2018-06-29','2019-01-22'),(191,1228,8,'2019-04-06',390.950,'2019-11-26','2019-12-27'),(172,1229,5,'2019-03-19',704.060,'2018-09-18','2019-09-27'),(119,1230,4,'2019-02-19',674.810,'2018-06-15','2019-11-20'),(142,1231,10,'2019-02-03',231.510,'2018-09-09','2020-04-05'),(186,1232,11,'2019-01-02',520.250,'2018-05-18','2019-02-09'),(106,1233,6,'2019-02-15',644.800,'2018-10-15','2019-08-26'),(168,1234,9,'2019-02-28',506.510,'2019-04-22','2019-10-11'),(198,1235,9,'2019-02-09',260.130,'2019-01-24','2019-06-18'),(161,1236,11,'2019-03-23',624.980,'2018-10-28','2019-10-24'),(127,1237,5,'2019-03-22',21.640,'2020-01-19','2018-07-26'),(124,1238,9,'2019-01-24',393.850,'2019-11-14','2019-09-09'),(136,1239,3,'2019-02-23',376.200,'2019-11-23','2019-02-22'),(181,1240,7,'2019-03-14',541.590,'2018-05-24','2020-01-13'),(199,1241,6,'2019-04-24',367.910,'2019-07-30','2018-10-21'),(120,1242,4,'2019-04-23',199.380,'2019-08-28','2018-11-04'),(192,1243,6,'2019-02-18',575.310,'2018-10-06','2019-04-12'),(193,1244,2,'2019-01-15',130.090,'2019-07-01','2020-03-31'),(154,1245,2,'2019-03-19',756.650,'2018-11-11','2018-07-23'),(149,1246,6,'2019-03-10',330.160,'2019-12-10','2018-08-06'),(194,1247,2,'2019-03-20',312.840,'2018-11-28','2019-09-01'),(159,1248,4,'2019-04-14',334.470,'2019-10-30','2019-01-30'),(143,1249,3,'2019-02-26',472.580,'2020-02-14','2020-02-14'),(180,1250,2,'2019-03-26',163.270,'2019-10-28','2019-07-05'),(127,1251,3,'2019-02-24',191.400,'2018-12-05','2018-09-20'),(157,1252,8,'2019-03-23',52.270,'2019-07-20','2019-06-14'),(102,1253,7,'2019-02-12',240.680,'2019-03-05','2018-07-15'),(125,1254,9,'2019-01-22',643.150,'2018-07-23','2019-11-27'),(105,1255,3,'2019-04-04',72.270,'2020-01-28','2019-06-30'),(126,1256,7,'2019-04-19',268.930,'2020-01-06','2018-12-26'),(110,1257,1,'2019-03-02',607.460,'2019-08-08','2019-11-12'),(108,1258,11,'2019-01-27',57.910,'2020-02-29','2018-12-19'),(176,1259,2,'2019-04-04',226.050,'2019-06-19','2019-07-26'),(184,1260,4,'2019-02-01',533.240,'2018-09-03','2018-09-05'),(161,1261,8,'2019-03-31',619.570,'2018-09-15','2019-03-26'),(140,1262,2,'2019-01-21',580.210,'2019-08-14','2020-01-24'),(159,1263,11,'2019-01-30',781.580,'2019-06-13','2020-01-08'),(155,1264,6,'2019-03-26',206.790,'2019-11-04','2019-08-01'),(135,1265,9,'2019-03-12',458.910,'2019-11-06','2020-02-03'),(123,1266,2,'2019-03-26',183.210,'2018-05-31','2018-06-05'),(104,1267,7,'2019-01-03',653.410,'2018-10-02','2020-03-16'),(107,1268,5,'2019-03-13',82.280,'2019-07-14','2019-07-03'),(132,1269,11,'2019-04-21',643.460,'2019-03-15','2020-02-27'),(199,1270,9,'2019-01-08',217.710,'2019-12-06','2018-11-05'),(188,1271,2,'2019-03-24',261.440,'2019-12-24','2019-03-01'),(106,1272,3,'2019-03-08',605.100,'2020-02-01','2019-06-29'),(167,1273,8,'2019-04-04',693.240,'2019-01-02','2019-01-07'),(192,1274,9,'2019-01-19',66.740,'2019-01-13','2019-08-06'),(146,1275,7,'2019-01-06',93.030,'2019-10-27','2019-08-25'),(101,1276,6,'2019-03-26',489.650,'2020-02-21','2020-05-17'),(182,1277,3,'2019-02-13',355.300,'2019-09-25','2019-08-13'),(139,1278,8,'2019-01-25',567.490,'2019-11-27','2019-01-01'),(148,1279,10,'2019-02-22',717.260,'2018-05-26','2019-07-28'),(190,1280,4,'2019-01-23',546.550,'2019-05-31','2019-01-05'),(189,1281,7,'2019-03-21',338.530,'2019-10-02','2019-05-11'),(159,1282,9,'2019-04-19',348.990,'2019-05-12','2020-04-18'),(107,1283,11,'2019-03-05',383.880,'2020-03-11','2019-04-10'),(173,1284,7,'2019-04-07',766.440,'2019-09-19','2020-01-29'),(113,1285,10,'2019-03-25',87.050,'2019-08-25','2020-02-15'),(125,1286,11,'2019-02-14',428.090,'2019-02-24','2018-09-24'),(127,1287,10,'2019-04-16',285.870,'2019-08-21','2019-12-14'),(191,1288,1,'2019-01-17',681.270,'2018-11-28','2019-10-30'),(184,1289,3,'2019-01-01',259.040,'2019-04-25','2019-08-10'),(178,1290,2,'2019-02-18',757.860,'2019-08-25','2020-03-23'),(128,1291,1,'2019-02-17',756.060,'2019-01-18','2019-12-31'),(169,1292,11,'2019-01-03',792.740,'2018-07-03','2019-05-10'),(139,1293,8,'2019-02-13',337.270,'2018-12-20','2019-05-10'),(142,1294,5,'2019-03-22',750.540,'2020-01-12','2018-09-26'),(132,1295,4,'2019-02-10',232.660,'2018-05-23','2020-04-15'),(112,1296,5,'2019-04-18',112.340,'2019-01-30','2019-05-24'),(147,1297,3,'2019-01-01',254.750,'2019-12-13','2019-02-20'),(138,1298,2,'2019-02-01',116.140,'2019-07-19','2018-10-10'),(134,1299,7,'2019-02-24',394.430,'2019-08-19','2018-08-11'),(136,1300,11,'2019-01-05',44.390,'2018-09-09','2019-08-05'),(146,1301,6,'2019-02-11',740.530,'2018-08-06','2018-09-17'),(110,1302,3,'2019-04-22',78.920,'2019-10-09','2019-07-16'),(103,1303,3,'2019-03-30',720.590,'2018-08-15','2018-08-30'),(114,1304,2,'2019-01-28',635.210,'2019-03-02','2018-09-17'),(123,1305,2,'2019-03-14',263.080,'2018-06-28','2019-03-15'),(180,1306,5,'2019-04-04',429.560,'2019-06-12','2019-11-21'),(143,1307,7,'2019-02-01',675.130,'2019-12-23','2019-05-22'),(116,1308,9,'2019-01-31',708.830,'2019-12-24','2020-03-20'),(121,1309,8,'2019-03-14',268.120,'2019-01-08','2019-05-03'),(197,1310,7,'2019-04-24',580.690,'2018-10-08','2019-04-18'),(157,1311,6,'2019-02-27',151.600,'2018-06-18','2019-03-12'),(129,1312,4,'2019-03-17',671.760,'2019-01-05','2019-04-15'),(147,1313,1,'2019-01-16',588.280,'2018-11-12','2018-08-26'),(116,1314,9,'2019-02-26',135.840,'2019-09-18','2018-09-09'),(119,1315,5,'2019-01-10',658.370,'2019-01-12','2019-10-03'),(151,1316,2,'2019-01-02',793.090,'2018-07-03','2020-03-13'),(157,1317,11,'2019-03-01',337.890,'2019-04-10','2019-10-11'),(101,1318,9,'2019-01-12',210.580,'2019-09-29','2020-05-07'),(181,1319,1,'2019-04-19',187.120,'2018-06-05','2018-07-16'),(129,1320,6,'2019-03-14',586.380,'2019-08-23','2019-02-16'),(187,1321,1,'2019-03-25',350.030,'2019-02-17','2020-03-28'),(125,1322,3,'2019-02-01',656.280,'2018-06-18','2019-05-03'),(155,1323,9,'2019-01-26',258.100,'2019-02-15','2019-07-02'),(197,1324,11,'2019-01-12',324.930,'2019-08-24','2019-11-18'),(136,1325,10,'2019-01-30',659.720,'2019-09-25','2019-03-03'),(145,1326,10,'2019-04-11',630.830,'2019-02-02','2018-12-13'),(193,1327,4,'2019-01-31',303.160,'2019-03-29','2020-03-10'),(145,1328,5,'2019-02-27',270.610,'2019-12-13','2018-05-24'),(123,1329,6,'2019-04-14',191.100,'2020-04-10','2019-04-16'),(181,1330,6,'2019-04-08',32.960,'2019-10-30','2020-01-27'),(100,1331,5,'2019-04-30',68.420,'2019-07-27','2019-01-19'),(168,1332,11,'2019-03-17',329.360,'2019-03-29','2019-09-30'),(115,1333,6,'2019-03-04',446.450,'2020-04-09','2019-04-15'),(195,1334,8,'2019-02-16',479.770,'2018-11-25','2020-05-17'),(149,1335,10,'2019-01-30',13.620,'2018-09-13','2019-10-31'),(137,1336,4,'2019-01-03',675.220,'2018-10-14','2018-06-18'),(110,1337,3,'2019-02-06',543.880,'2020-03-27','2018-07-19'),(123,1338,9,'2019-04-11',505.170,'2019-09-18','2019-07-18'),(132,1339,1,'2019-04-02',751.750,'2018-11-18','2018-10-28'),(144,1340,8,'2019-02-23',230.240,'2018-07-28','2019-04-26'),(100,1341,1,'2019-02-21',85.110,'2018-12-30','2019-05-29'),(135,1342,11,'2019-03-21',673.370,'2018-11-14','2019-02-05'),(146,1343,9,'2019-04-24',742.670,'2019-05-21','2019-06-23'),(173,1344,4,'2019-02-23',216.930,'2019-12-09','2018-11-05'),(198,1345,10,'2019-03-11',113.170,'2018-12-08','2019-02-18'),(187,1346,3,'2019-04-17',469.950,'2019-08-02','2020-02-19'),(157,1347,9,'2019-04-26',546.640,'2018-08-29','2019-10-30'),(143,1348,10,'2019-04-18',214.860,'2019-03-22','2018-08-13'),(103,1349,2,'2019-01-26',86.560,'2018-05-31','2020-03-09'),(181,1350,10,'2019-02-03',153.520,'2019-04-18','2018-07-20'),(165,1351,4,'2019-01-22',797.990,'2019-08-10','2019-04-27'),(148,1352,1,'2019-02-12',311.900,'2018-06-02','2018-06-16'),(194,1353,8,'2019-03-31',634.720,'2018-07-27','2020-04-02'),(101,1354,9,'2019-04-13',227.490,'2020-05-08','2018-10-12'),(122,1355,4,'2019-01-23',301.560,'2018-10-02','2018-09-23'),(188,1356,9,'2019-02-10',389.280,'2019-02-18','2019-10-02'),(117,1357,6,'2019-04-18',194.600,'2018-08-07','2019-10-13'),(138,1358,10,'2019-02-25',70.400,'2019-05-07','2020-02-05'),(147,1359,10,'2019-02-11',291.140,'2018-09-15','2020-03-27'),(141,1360,11,'2019-02-22',770.310,'2020-05-09','2018-09-01'),(176,1361,4,'2019-04-17',221.860,'2018-11-27','2018-06-12'),(176,1362,6,'2019-03-08',721.840,'2019-05-26','2018-07-05'),(178,1363,3,'2019-02-11',342.730,'2019-07-23','2020-03-13'),(122,1364,2,'2019-03-30',259.740,'2020-04-29','2019-04-06'),(131,1365,8,'2019-02-20',36.390,'2019-09-23','2020-05-12'),(112,1366,7,'2019-04-25',268.970,'2019-07-13','2019-04-08'),(125,1367,4,'2019-01-11',785.610,'2019-10-21','2018-05-19'),(168,1368,5,'2019-04-10',535.310,'2020-01-30','2019-09-10'),(188,1369,4,'2019-01-09',450.440,'2019-08-20','2019-06-16'),(126,1370,5,'2019-04-11',335.920,'2019-08-31','2020-04-05'),(110,1371,8,'2019-04-19',150.950,'2019-01-11','2018-11-01'),(147,1372,7,'2019-02-22',3.770,'2020-04-09','2018-06-30'),(146,1373,6,'2019-01-11',424.560,'2018-08-21','2018-10-21'),(100,1374,8,'2019-03-21',606.140,'2019-06-29','2018-08-28'),(106,1375,6,'2019-03-13',766.450,'2018-06-28','2019-02-04'),(159,1376,2,'2019-03-06',45.840,'2020-02-11','2018-12-13'),(129,1377,8,'2019-01-17',798.060,'2019-06-21','2018-10-25'),(142,1378,2,'2019-01-15',90.210,'2019-08-30','2020-04-07'),(144,1379,8,'2019-02-22',339.770,'2020-05-14','2019-05-28'),(183,1380,11,'2019-02-03',5.490,'2019-01-19','2020-05-03'),(121,1381,6,'2019-04-29',318.330,'2019-06-11','2019-11-03'),(197,1382,2,'2019-03-14',417.340,'2020-05-18','2019-04-14'),(171,1383,4,'2019-02-17',302.420,'2018-08-20','2019-04-03'),(162,1384,2,'2019-03-05',360.990,'2019-08-20','2018-12-01'),(158,1385,9,'2019-04-03',606.110,'2020-02-03','2019-07-14'),(124,1386,7,'2019-01-18',524.610,'2018-11-15','2020-01-23'),(120,1387,4,'2019-04-03',610.610,'2020-03-10','2018-08-06'),(177,1388,11,'2019-04-24',150.530,'2019-10-13','2018-09-02'),(121,1389,7,'2019-02-22',412.040,'2019-07-01','2019-10-11'),(166,1390,11,'2019-04-25',734.090,'2018-07-01','2018-06-26'),(173,1391,11,'2019-01-06',737.390,'2019-02-27','2019-08-06'),(150,1392,10,'2019-02-24',76.640,'2018-07-02','2019-12-07'),(121,1393,6,'2019-02-02',35.080,'2018-12-19','2019-12-29'),(177,1394,6,'2019-01-02',649.310,'2019-08-24','2019-03-30'),(199,1395,5,'2019-02-09',389.620,'2018-08-15','2019-12-06'),(115,1396,2,'2019-01-03',310.680,'2019-09-09','2019-12-10'),(171,1397,5,'2019-03-08',600.040,'2019-11-09','2018-07-11'),(148,1398,7,'2019-01-30',589.560,'2019-07-12','2019-11-08'),(136,1399,2,'2019-04-08',751.660,'2019-09-12','2018-11-24'),(110,1400,4,'2019-01-11',162.140,'2019-07-14','2018-12-24'),(140,1401,9,'2019-02-01',574.420,'2019-05-11','2020-02-16'),(191,1402,10,'2019-01-31',404.200,'2019-07-01','2020-03-23'),(166,1403,9,'2019-03-14',356.720,'2020-02-24','2019-09-18'),(111,1404,9,'2019-02-15',780.990,'2018-06-11','2019-06-08'),(149,1405,9,'2019-04-18',568.540,'2020-05-16','2019-01-10'),(160,1406,7,'2019-03-09',741.390,'2020-01-22','2019-01-22'),(131,1407,4,'2019-01-27',217.180,'2020-01-28','2020-05-18'),(151,1408,9,'2019-03-13',111.130,'2018-08-28','2019-03-28'),(106,1409,11,'2019-03-24',124.580,'2020-04-22','2018-11-16'),(173,1410,4,'2019-03-31',253.120,'2019-04-12','2018-06-26'),(108,1411,2,'2019-01-17',38.900,'2018-07-06','2019-10-05'),(107,1412,5,'2019-03-22',722.070,'2018-07-27','2019-09-01'),(131,1413,6,'2019-02-15',94.150,'2018-08-20','2020-03-07'),(115,1414,5,'2019-03-04',435.970,'2019-10-30','2020-03-27'),(137,1415,6,'2019-01-24',314.360,'2019-04-14','2019-02-15'),(146,1416,3,'2019-01-17',221.120,'2019-10-08','2018-06-20'),(153,1417,6,'2019-01-19',171.580,'2019-10-29','2019-11-04'),(191,1418,11,'2019-04-17',546.400,'2019-06-27','2020-05-12'),(125,1419,9,'2019-02-20',62.840,'2019-09-14','2019-08-15'),(186,1420,10,'2019-02-18',121.010,'2018-10-09','2018-12-27'),(151,1421,8,'2019-04-08',202.890,'2020-04-07','2019-05-14'),(184,1422,2,'2019-03-17',456.700,'2018-08-04','2018-09-02'),(110,1423,5,'2019-03-15',274.290,'2019-11-01','2019-11-11'),(118,1424,8,'2019-01-21',550.440,'2019-04-19','2018-06-13'),(197,1425,5,'2019-04-03',169.300,'2019-01-29','2019-02-16'),(167,1426,2,'2019-04-22',5.560,'2018-10-22','2018-11-22'),(180,1427,11,'2019-04-17',327.420,'2019-06-12','2018-06-30'),(193,1428,1,'2019-02-08',718.580,'2018-06-15','2020-02-04'),(108,1429,3,'2019-03-16',203.720,'2019-10-12','2019-12-18'),(161,1430,7,'2019-01-08',289.360,'2019-06-02','2020-04-29'),(119,1431,8,'2019-03-22',475.710,'2018-10-03','2019-11-23'),(175,1432,10,'2019-01-31',683.430,'2018-12-21','2020-03-28'),(129,1433,2,'2019-01-02',771.550,'2019-10-11','2019-03-01'),(113,1434,4,'2019-03-11',175.290,'2018-07-09','2019-04-01'),(100,1435,9,'2019-03-19',596.230,'2019-01-09','2018-09-11'),(183,1436,5,'2019-03-09',561.750,'2020-04-20','2019-01-26'),(129,1437,11,'2019-01-28',198.700,'2019-04-05','2019-08-04'),(192,1438,2,'2019-04-28',601.910,'2020-03-24','2018-12-27'),(147,1439,5,'2019-01-30',31.720,'2018-08-27','2019-09-28'),(104,1440,6,'2019-03-23',788.300,'2019-10-10','2019-01-14'),(185,1441,2,'2019-03-21',567.970,'2020-03-15','2019-05-20'),(188,1442,8,'2019-03-20',289.320,'2020-02-14','2018-05-23'),(118,1443,9,'2019-04-13',173.810,'2020-03-19','2018-12-19'),(141,1444,8,'2019-04-13',697.940,'2019-04-26','2020-02-23'),(150,1445,9,'2019-04-23',671.340,'2018-08-03','2018-09-08'),(140,1446,9,'2019-03-31',48.520,'2019-07-28','2019-11-24'),(146,1447,9,'2019-01-03',95.910,'2018-07-10','2018-09-06'),(121,1448,10,'2019-03-16',560.340,'2018-10-08','2020-03-17'),(122,1449,5,'2019-01-29',492.960,'2019-05-31','2020-01-15'),(181,1450,6,'2019-03-03',778.200,'2019-10-09','2019-09-28'),(183,1451,8,'2019-02-21',172.340,'2020-01-18','2020-01-19'),(188,1452,8,'2019-03-19',740.200,'2018-06-05','2018-09-02'),(124,1453,7,'2019-02-20',556.420,'2019-02-17','2018-08-12'),(191,1454,9,'2019-03-12',139.140,'2019-10-21','2018-07-29'),(121,1455,1,'2019-02-25',45.730,'2019-06-08','2019-05-11'),(138,1456,11,'2019-04-11',247.740,'2020-02-02','2018-12-24'),(181,1457,2,'2019-04-25',17.870,'2019-08-31','2019-03-09'),(133,1458,3,'2019-02-21',603.970,'2019-09-02','2018-11-27'),(125,1459,7,'2019-01-12',643.970,'2019-02-20','2019-06-26'),(178,1460,10,'2019-04-04',165.120,'2018-06-07','2019-11-20'),(107,1461,10,'2019-03-12',299.420,'2019-08-23','2018-12-23'),(134,1462,7,'2019-01-02',199.670,'2020-05-09','2019-09-28'),(177,1463,6,'2019-01-23',25.460,'2019-10-29','2019-11-01'),(122,1464,1,'2019-01-11',256.210,'2018-08-10','2018-06-23'),(158,1465,1,'2019-04-26',362.510,'2019-11-02','2019-01-17'),(134,1466,4,'2019-04-10',18.090,'2019-09-09','2018-05-27'),(157,1467,11,'2019-04-08',48.780,'2018-08-16','2019-04-10'),(129,1468,7,'2019-04-10',495.160,'2020-02-10','2018-07-06'),(104,1469,7,'2019-04-04',737.410,'2019-11-14','2019-02-05'),(187,1470,1,'2019-01-09',495.260,'2019-07-13','2019-03-02'),(199,1471,10,'2019-04-15',758.890,'2020-01-19','2018-12-22'),(107,1472,1,'2019-01-18',79.190,'2019-04-01','2019-06-08'),(185,1473,3,'2019-01-07',776.270,'2019-03-03','2018-05-20'),(190,1474,10,'2019-01-18',518.880,'2019-10-08','2019-02-14'),(105,1475,3,'2019-03-04',777.310,'2019-06-09','2019-01-31'),(128,1476,2,'2019-03-22',689.080,'2018-12-30','2019-09-21'),(192,1477,5,'2019-03-26',22.310,'2019-10-14','2020-03-18'),(109,1478,5,'2019-01-31',594.170,'2018-10-23','2018-10-22'),(121,1479,2,'2019-02-11',133.040,'2019-03-09','2018-08-01'),(102,1480,6,'2019-01-14',572.180,'2019-11-21','2018-12-26'),(109,1481,11,'2019-02-07',116.490,'2019-07-16','2018-11-14'),(112,1482,11,'2019-03-27',67.270,'2018-12-26','2019-07-16'),(142,1483,7,'2019-01-30',655.720,'2020-02-02','2018-09-03'),(181,1484,2,'2019-02-12',341.890,'2019-03-19','2018-12-10'),(151,1485,4,'2019-02-12',397.770,'2018-09-12','2019-01-24'),(126,1486,7,'2019-04-05',338.140,'2019-03-03','2019-03-12'),(110,1487,7,'2019-03-12',380.380,'2019-06-12','2020-05-06'),(116,1488,6,'2019-04-26',714.960,'2019-01-29','2018-10-24'),(112,1489,3,'2019-04-15',565.860,'2019-11-15','2019-07-29'),(198,1490,9,'2019-03-05',101.000,'2019-07-14','2020-04-11'),(167,1491,11,'2019-03-06',289.170,'2019-02-22','2019-07-31'),(102,1492,10,'2019-03-20',36.170,'2020-03-23','2018-05-27'),(137,1493,8,'2019-04-05',605.660,'2020-03-29','2019-09-29'),(147,1494,3,'2019-04-07',290.790,'2019-10-03','2019-06-24'),(163,1495,10,'2019-03-29',450.850,'2019-07-23','2020-03-07'),(153,1496,8,'2019-03-24',152.610,'2019-04-21','2020-03-05'),(123,1497,1,'2019-03-21',450.160,'2018-06-02','2020-03-21'),(194,1498,3,'2019-02-24',405.330,'2019-04-25','2019-01-14'),(192,1499,8,'2019-03-22',222.410,'2020-03-19','2020-04-16'),(158,1500,5,'2019-03-12',498.190,'2019-02-04','2019-06-14'),(187,1501,7,'2019-02-11',585.040,'2020-05-10','2018-10-04'),(165,1502,3,'2019-02-15',613.010,'2019-06-03','2020-04-13'),(117,1503,8,'2019-01-26',423.240,'2019-04-08','2019-09-06'),(159,1504,7,'2019-03-11',7.230,'2018-09-08','2019-08-29'),(127,1505,11,'2019-02-04',400.420,'2018-08-22','2018-05-21'),(161,1506,8,'2019-01-10',579.150,'2019-01-20','2019-04-07'),(152,1507,3,'2019-01-06',547.180,'2019-10-19','2018-11-11'),(107,1508,4,'2019-04-23',680.360,'2020-01-04','2019-09-20'),(152,1509,5,'2019-01-29',398.480,'2020-04-23','2019-05-26'),(148,1510,11,'2019-04-10',344.320,'2020-03-10','2020-04-18'),(166,1511,3,'2019-03-23',139.490,'2018-08-24','2019-12-27'),(151,1512,5,'2019-04-23',19.930,'2018-10-16','2019-11-28'),(136,1513,2,'2019-03-27',340.920,'2019-11-11','2020-05-17'),(193,1514,6,'2019-02-27',539.210,'2019-09-05','2019-03-31'),(165,1515,3,'2019-03-02',207.320,'2018-07-22','2018-06-27'),(197,1516,7,'2019-02-21',317.520,'2019-01-16','2018-09-28'),(112,1517,11,'2019-03-21',4.430,'2019-09-08','2019-07-02'),(181,1518,6,'2019-04-11',748.750,'2020-03-28','2018-07-05'),(158,1519,1,'2019-03-03',114.310,'2019-09-13','2019-02-05'),(106,1520,2,'2019-02-11',433.090,'2018-10-19','2018-07-28'),(102,1521,8,'2019-01-15',473.630,'2019-01-13','2019-10-01'),(121,1522,6,'2019-04-23',43.720,'2019-05-15','2019-01-20'),(185,1523,1,'2019-03-09',357.980,'2019-04-11','2019-01-29'),(150,1524,5,'2019-01-26',708.990,'2019-03-20','2020-02-22'),(140,1525,7,'2019-03-03',569.070,'2018-11-07','2018-08-27'),(127,1526,3,'2019-04-28',741.050,'2020-05-07','2018-11-13'),(133,1527,10,'2019-02-04',364.610,'2018-05-20','2018-11-22'),(136,1528,10,'2019-01-30',39.110,'2018-06-09','2019-08-20'),(192,1529,7,'2019-02-23',758.550,'2019-08-26','2019-10-22'),(105,1530,11,'2019-02-24',443.360,'2019-08-07','2018-07-05'),(175,1531,1,'2019-02-15',640.870,'2018-08-21','2020-04-05'),(146,1532,4,'2019-02-17',695.680,'2019-05-01','2019-01-19'),(110,1533,9,'2019-04-22',298.570,'2018-12-29','2019-02-05'),(171,1534,5,'2019-04-29',560.700,'2019-11-27','2020-05-02'),(128,1535,9,'2019-02-18',266.640,'2020-01-26','2019-10-15'),(185,1536,4,'2019-02-09',34.650,'2019-08-13','2020-03-31'),(108,1537,10,'2019-01-28',407.410,'2018-06-12','2019-01-10'),(152,1538,3,'2019-03-21',360.180,'2020-01-03','2018-08-03'),(140,1539,8,'2019-01-31',508.530,'2020-02-23','2019-07-07'),(184,1540,3,'2019-01-11',479.860,'2020-01-28','2020-05-13'),(153,1541,8,'2019-02-18',213.910,'2019-05-11','2020-03-26'),(123,1542,4,'2019-02-07',325.330,'2019-01-06','2019-07-19'),(165,1543,2,'2019-02-10',13.500,'2019-04-28','2019-07-28'),(161,1544,1,'2019-01-15',703.970,'2018-10-05','2020-02-20'),(113,1545,1,'2019-03-05',714.600,'2020-04-18','2019-07-12'),(117,1546,8,'2019-04-10',629.670,'2018-09-04','2018-05-31'),(161,1547,11,'2019-04-18',84.110,'2020-01-06','2019-07-06'),(108,1548,7,'2019-03-21',388.350,'2018-08-07','2020-04-12'),(165,1549,11,'2019-01-10',588.830,'2019-10-21','2020-03-07'),(102,1550,5,'2019-01-03',301.810,'2019-06-13','2019-02-16'),(190,1551,9,'2019-03-08',309.780,'2019-02-09','2019-12-25'),(179,1552,9,'2019-04-05',89.160,'2019-12-04','2020-03-26'),(179,1553,10,'2019-02-11',142.580,'2018-09-15','2018-10-21'),(160,1554,2,'2019-04-27',440.520,'2019-09-28','2019-04-24'),(196,1555,11,'2019-01-06',663.970,'2019-03-27','2019-03-05'),(123,1556,1,'2019-02-26',224.190,'2019-09-17','2020-01-12'),(153,1557,8,'2019-02-26',706.070,'2018-09-29','2018-06-10'),(185,1558,3,'2019-02-13',490.230,'2018-10-22','2019-02-14'),(159,1559,9,'2019-03-28',63.110,'2018-07-30','2018-06-27'),(116,1560,8,'2019-03-23',530.230,'2019-12-01','2019-06-26'),(126,1561,8,'2019-03-14',102.190,'2019-05-02','2019-06-13'),(182,1562,8,'2019-03-15',527.560,'2020-02-12','2018-12-12'),(184,1563,5,'2019-03-03',711.100,'2019-10-11','2019-11-03'),(189,1564,2,'2019-02-08',159.570,'2019-02-18','2018-08-24'),(127,1565,9,'2019-03-30',550.010,'2019-01-20','2018-11-19'),(127,1566,5,'2019-03-11',764.460,'2019-01-30','2019-03-29'),(163,1567,7,'2019-02-15',559.110,'2019-04-11','2019-04-04'),(187,1568,5,'2019-02-20',676.360,'2019-05-09','2018-06-14'),(105,1569,1,'2019-03-16',244.250,'2020-03-07','2019-06-04'),(120,1570,5,'2019-02-23',609.600,'2019-10-21','2019-10-27'),(179,1571,9,'2019-02-23',327.250,'2019-08-22','2018-08-05'),(173,1572,1,'2019-03-22',375.280,'2019-04-06','2018-08-20'),(182,1573,5,'2019-01-06',418.200,'2019-11-05','2018-12-17'),(175,1574,3,'2019-01-12',794.750,'2019-04-04','2019-03-10'),(129,1575,2,'2019-03-27',636.220,'2018-10-12','2019-04-27'),(191,1576,9,'2019-02-05',369.010,'2018-08-01','2018-05-29'),(167,1577,4,'2019-02-18',71.910,'2019-11-30','2019-05-02'),(173,1578,2,'2019-01-31',603.190,'2019-01-22','2019-06-18'),(134,1579,9,'2019-04-17',395.970,'2019-04-10','2019-12-23'),(183,1580,9,'2019-04-05',638.010,'2020-01-25','2020-02-18'),(126,1581,6,'2019-04-19',712.810,'2020-01-05','2020-03-27'),(160,1582,4,'2019-03-31',139.130,'2019-08-16','2018-06-10'),(150,1583,10,'2019-02-10',538.850,'2019-07-09','2018-10-02'),(102,1584,11,'2019-03-21',704.760,'2020-04-21','2018-10-31'),(125,1585,6,'2019-03-19',371.660,'2018-11-15','2019-03-19'),(142,1586,4,'2019-01-29',632.700,'2018-11-05','2018-05-22'),(155,1587,10,'2019-02-05',753.100,'2018-06-29','2018-12-26'),(124,1588,8,'2019-01-21',404.300,'2019-11-14','2019-08-23'),(178,1589,5,'2019-02-18',593.280,'2019-03-20','2019-11-17'),(113,1590,11,'2019-04-28',535.690,'2018-07-27','2019-03-24'),(113,1591,9,'2019-04-17',275.010,'2019-06-24','2018-10-22'),(143,1592,1,'2019-02-03',158.900,'2019-09-07','2018-07-13'),(125,1593,4,'2019-01-27',312.490,'2018-08-15','2018-07-31'),(125,1594,4,'2019-03-24',237.730,'2019-03-07','2019-05-07'),(137,1595,6,'2019-04-18',736.850,'2019-03-25','2019-02-22'),(116,1596,9,'2019-01-19',740.920,'2018-05-30','2019-10-19'),(151,1597,4,'2019-03-07',278.170,'2020-04-15','2020-01-02'),(101,1598,11,'2019-03-14',106.740,'2020-05-11','2019-09-04'),(147,1599,3,'2019-01-14',289.310,'2019-09-06','2018-06-02'),(134,1600,11,'2019-02-08',581.470,'2019-10-16','2020-04-21'),(165,1601,1,'2019-01-17',712.470,'2019-12-18','2018-10-23'),(131,1602,5,'2019-02-18',680.190,'2019-04-02','2019-12-23'),(192,1603,6,'2019-02-11',189.450,'2018-12-23','2020-02-08'),(131,1604,2,'2019-01-27',404.450,'2019-12-17','2019-12-21'),(144,1605,10,'2019-03-10',259.780,'2020-01-23','2019-05-14'),(164,1606,4,'2019-04-10',78.450,'2018-09-08','2018-12-13'),(172,1607,8,'2019-02-13',109.720,'2019-06-06','2018-06-19'),(134,1608,4,'2019-04-22',492.980,'2019-08-14','2019-12-21'),(101,1609,3,'2019-04-08',492.030,'2018-12-27','2018-12-21'),(120,1610,1,'2019-03-10',57.620,'2018-10-02','2018-07-06'),(138,1611,1,'2019-01-24',595.760,'2018-12-22','2019-01-06'),(176,1612,10,'2019-02-17',520.770,'2020-05-10','2018-07-03'),(120,1613,11,'2019-04-04',219.470,'2018-10-19','2020-02-18'),(162,1614,9,'2019-03-19',517.230,'2019-08-30','2019-01-21'),(102,1615,10,'2019-03-29',182.550,'2019-02-13','2019-03-03'),(114,1616,10,'2019-01-20',371.580,'2019-11-13','2018-08-01'),(148,1617,8,'2019-03-05',440.350,'2019-11-10','2019-12-09'),(195,1618,8,'2019-01-17',295.190,'2018-09-17','2020-04-30'),(116,1619,5,'2019-02-22',634.890,'2018-12-10','2019-10-16'),(145,1620,1,'2019-02-06',209.150,'2019-12-27','2018-09-16'),(199,1621,4,'2019-01-27',54.360,'2018-11-24','2019-10-30'),(181,1622,8,'2019-03-30',546.360,'2018-08-25','2020-01-20'),(182,1623,5,'2019-03-03',723.960,'2019-05-04','2019-12-28'),(104,1624,8,'2019-02-08',768.020,'2018-06-02','2019-05-30'),(198,1625,5,'2019-02-26',608.030,'2020-04-14','2018-09-10'),(150,1626,3,'2019-02-09',233.770,'2020-03-03','2019-04-19'),(112,1627,10,'2019-02-05',111.840,'2018-10-02','2019-02-09'),(140,1628,7,'2019-01-23',300.790,'2019-09-25','2018-10-04'),(131,1629,10,'2019-03-04',395.700,'2018-07-23','2018-10-16'),(197,1630,1,'2019-03-22',740.360,'2018-09-29','2019-04-27'),(124,1631,3,'2019-02-26',315.930,'2019-08-15','2018-07-16'),(188,1632,9,'2019-03-08',342.850,'2018-11-11','2019-06-07'),(162,1633,4,'2019-04-06',596.860,'2020-03-22','2019-06-25'),(146,1634,1,'2019-04-10',459.790,'2020-05-11','2020-04-15'),(171,1635,5,'2019-02-03',535.230,'2019-01-08','2019-02-21'),(110,1636,1,'2019-03-11',6.650,'2018-11-05','2018-06-19'),(132,1637,10,'2019-01-17',715.290,'2019-08-17','2020-03-24'),(188,1638,6,'2019-01-14',84.460,'2019-12-19','2019-08-13'),(199,1639,6,'2019-02-10',38.670,'2018-11-11','2020-02-26'),(132,1640,6,'2019-01-04',107.180,'2019-01-24','2019-11-14'),(112,1641,9,'2019-04-28',14.900,'2019-08-03','2019-06-25'),(128,1642,4,'2019-03-03',586.410,'2019-08-11','2019-11-14'),(120,1643,6,'2019-04-10',75.490,'2019-08-21','2018-08-12'),(165,1644,8,'2019-04-06',602.670,'2019-01-07','2019-03-10'),(162,1645,1,'2019-03-30',672.240,'2019-01-27','2020-03-25'),(112,1646,8,'2019-03-29',342.720,'2018-07-03','2020-02-06'),(183,1647,9,'2019-02-28',191.690,'2020-04-15','2018-08-22'),(104,1648,4,'2019-02-17',573.550,'2019-11-10','2019-07-18'),(124,1649,1,'2019-01-22',715.890,'2019-03-29','2020-02-27'),(127,1650,11,'2019-02-24',406.050,'2018-07-06','2019-07-19'),(132,1651,1,'2019-01-02',190.420,'2020-05-17','2019-07-24'),(188,1652,7,'2019-03-11',457.370,'2019-07-14','2020-03-23'),(168,1653,9,'2019-03-12',381.470,'2018-06-11','2019-12-11'),(122,1654,7,'2019-01-25',508.210,'2018-08-08','2019-06-14'),(165,1655,2,'2019-02-23',237.290,'2019-12-24','2019-02-03'),(122,1656,1,'2019-02-13',229.450,'2019-10-08','2019-09-13'),(121,1657,9,'2019-03-04',711.790,'2020-02-22','2019-08-26'),(116,1658,11,'2019-01-18',639.280,'2019-06-02','2018-07-26'),(124,1659,11,'2019-01-15',598.600,'2019-06-02','2019-09-18'),(101,1660,5,'2019-03-21',636.110,'2019-04-10','2019-03-16'),(138,1661,2,'2019-01-07',676.410,'2018-06-19','2020-01-18'),(184,1662,5,'2019-02-19',512.880,'2019-10-12','2018-10-01'),(180,1663,6,'2019-01-20',434.780,'2020-02-08','2020-02-04'),(107,1664,4,'2019-02-17',18.380,'2020-03-18','2019-09-20'),(133,1665,7,'2019-02-20',67.350,'2019-12-12','2019-08-02'),(176,1666,4,'2019-04-10',763.680,'2020-03-28','2019-11-19'),(131,1667,6,'2019-04-11',700.420,'2019-07-29','2019-06-01'),(131,1668,6,'2019-01-02',504.000,'2019-06-05','2019-03-07'),(109,1669,2,'2019-01-20',340.910,'2020-02-18','2019-06-08'),(160,1670,2,'2019-02-21',277.770,'2019-11-03','2018-12-30'),(187,1671,9,'2019-02-09',358.720,'2019-01-16','2018-08-11'),(186,1672,6,'2019-04-29',153.570,'2020-01-03','2020-02-13'),(165,1673,9,'2019-03-04',124.530,'2018-08-04','2020-02-23'),(168,1674,9,'2019-01-14',202.180,'2019-06-19','2020-03-31'),(130,1675,1,'2019-02-13',600.650,'2018-11-15','2018-07-15'),(131,1676,11,'2019-02-18',326.490,'2019-12-01','2020-03-16'),(154,1677,8,'2019-03-08',635.170,'2018-06-07','2019-03-10'),(126,1678,1,'2019-03-20',669.020,'2019-09-27','2019-09-13'),(147,1679,10,'2019-03-31',397.670,'2019-01-09','2019-08-23'),(149,1680,11,'2019-03-29',260.130,'2019-05-25','2018-07-27'),(160,1681,4,'2019-01-02',72.690,'2018-09-07','2019-03-20'),(110,1682,10,'2019-03-05',410.400,'2018-09-27','2018-12-24'),(191,1683,8,'2019-04-09',349.100,'2020-02-13','2019-11-08'),(114,1684,4,'2019-02-02',175.790,'2020-03-02','2020-03-03'),(172,1685,8,'2019-04-14',234.120,'2019-05-13','2018-07-07'),(145,1686,4,'2019-04-10',497.990,'2019-02-16','2020-01-28'),(168,1687,3,'2019-03-17',50.980,'2019-07-14','2019-12-31'),(156,1688,8,'2019-03-26',369.490,'2018-08-18','2020-03-25'),(102,1689,2,'2019-04-17',489.320,'2020-05-13','2019-05-17'),(179,1690,11,'2019-02-02',56.950,'2019-01-01','2018-06-03'),(154,1691,9,'2019-01-09',700.810,'2018-07-12','2018-05-29'),(134,1692,10,'2019-01-01',593.430,'2018-09-28','2018-11-02'),(137,1693,3,'2019-04-15',283.190,'2018-08-28','2018-07-15'),(119,1694,1,'2019-04-04',739.220,'2019-07-15','2020-05-06'),(167,1695,11,'2019-03-01',546.460,'2020-01-14','2018-08-27'),(121,1696,8,'2019-01-12',738.810,'2018-06-22','2018-08-26'),(122,1697,4,'2019-03-01',677.790,'2019-04-23','2018-05-20'),(160,1698,6,'2019-02-05',647.570,'2018-07-25','2019-09-24'),(179,1699,7,'2019-03-25',448.620,'2018-07-18','2019-03-19'),(173,1700,9,'2019-02-09',8.820,'2018-10-29','2020-05-11'),(121,1701,3,'2019-02-12',345.460,'2018-11-19','2019-01-19'),(196,1702,11,'2019-02-03',263.390,'2019-03-20','2019-05-19'),(142,1703,10,'2019-01-07',676.000,'2020-01-30','2019-06-04'),(181,1704,7,'2019-03-23',587.010,'2018-10-22','2020-02-22'),(110,1705,8,'2019-03-07',61.260,'2020-05-02','2019-12-15'),(155,1706,5,'2019-04-06',596.170,'2019-11-21','2019-11-13'),(169,1707,7,'2019-01-21',744.970,'2020-02-25','2019-11-04'),(187,1708,5,'2019-04-04',397.560,'2018-11-16','2020-05-07'),(182,1709,9,'2019-01-26',774.320,'2018-06-10','2019-01-27'),(190,1710,9,'2019-01-01',157.750,'2018-07-05','2019-08-26'),(129,1711,2,'2019-03-22',207.720,'2018-10-18','2018-09-13'),(135,1712,2,'2019-03-12',585.450,'2019-11-28','2019-04-29'),(107,1713,2,'2019-02-05',772.510,'2019-01-02','2020-04-07'),(124,1714,6,'2019-03-20',132.310,'2019-07-09','2020-01-18'),(107,1715,9,'2019-04-08',420.700,'2019-10-03','2018-06-08'),(162,1716,10,'2019-01-08',236.610,'2019-09-13','2018-05-24'),(122,1717,11,'2019-02-01',437.640,'2018-10-28','2019-06-14'),(153,1718,6,'2019-02-23',167.090,'2018-11-09','2019-02-27'),(190,1719,3,'2019-01-23',768.290,'2020-04-23','2018-10-18'),(190,1720,1,'2019-03-28',619.400,'2019-11-02','2018-08-17'),(143,1721,3,'2019-02-03',164.810,'2020-02-24','2019-02-09'),(119,1722,10,'2019-03-09',798.470,'2019-06-11','2020-01-18'),(186,1723,6,'2019-04-24',583.690,'2018-10-11','2018-09-03'),(161,1724,4,'2019-01-05',103.750,'2018-07-15','2018-11-05'),(103,1725,4,'2019-01-10',653.330,'2019-06-06','2018-07-20'),(117,1726,2,'2019-03-15',435.420,'2020-01-22','2019-06-11'),(100,1727,4,'2019-02-26',37.290,'2020-02-23','2019-10-18'),(185,1728,5,'2019-01-22',758.700,'2018-12-12','2019-12-05'),(121,1729,10,'2019-01-14',532.480,'2019-10-03','2019-08-23'),(182,1730,7,'2019-04-19',267.950,'2019-08-22','2020-03-23'),(181,1731,4,'2019-04-06',188.890,'2018-06-02','2019-02-08'),(192,1732,10,'2019-04-19',658.100,'2019-02-22','2018-10-14'),(178,1733,3,'2019-03-26',91.690,'2019-01-25','2019-11-19'),(148,1734,11,'2019-02-19',707.380,'2018-12-14','2018-11-01'),(102,1735,8,'2019-02-28',618.890,'2019-12-12','2018-10-10'),(163,1736,8,'2019-02-10',209.810,'2018-12-27','2018-08-02'),(143,1737,3,'2019-04-16',83.660,'2018-08-18','2018-07-06'),(169,1738,4,'2019-03-24',300.220,'2020-03-28','2019-03-25'),(179,1739,2,'2019-03-12',410.040,'2020-05-08','2018-05-18'),(101,1740,3,'2019-04-24',50.310,'2018-11-06','2019-02-25'),(120,1741,11,'2019-03-04',576.520,'2018-07-26','2019-01-01'),(110,1742,11,'2019-01-14',13.050,'2020-05-16','2019-03-29'),(106,1743,11,'2019-02-11',430.910,'2019-11-20','2019-04-18'),(150,1744,5,'2019-03-28',745.430,'2019-11-30','2020-02-18'),(170,1745,11,'2019-02-18',392.810,'2019-02-14','2018-10-07'),(189,1746,9,'2019-03-27',399.470,'2019-10-23','2018-12-09'),(146,1747,5,'2019-01-04',341.780,'2019-10-12','2018-09-26'),(198,1748,8,'2019-04-24',210.740,'2018-10-25','2019-11-17'),(197,1749,10,'2019-03-09',391.300,'2018-10-17','2019-04-03'),(152,1750,8,'2019-04-05',401.560,'2019-02-24','2018-06-10'),(143,1751,1,'2019-04-13',26.130,'2019-06-01','2020-03-21'),(120,1752,2,'2019-02-14',19.090,'2019-05-04','2019-09-19'),(186,1753,3,'2019-03-06',574.270,'2018-12-22','2018-12-22'),(154,1754,8,'2019-01-08',577.280,'2020-02-09','2019-04-09'),(154,1755,11,'2019-01-06',721.640,'2019-02-09','2018-09-15'),(148,1756,7,'2019-03-04',209.400,'2019-04-17','2019-11-12'),(145,1757,4,'2019-03-29',65.460,'2018-08-06','2020-02-21'),(169,1758,7,'2019-03-02',1.370,'2018-12-05','2018-11-17'),(141,1759,5,'2019-04-15',61.940,'2019-10-11','2018-10-13'),(136,1760,11,'2019-02-23',166.410,'2019-03-09','2019-06-27'),(106,1761,7,'2019-02-18',602.290,'2019-08-18','2018-10-28'),(151,1762,3,'2019-04-11',250.300,'2018-06-20','2018-08-12'),(176,1763,7,'2019-02-16',308.440,'2019-04-19','2019-10-23'),(196,1764,4,'2019-04-16',454.080,'2020-01-08','2019-08-01'),(104,1765,3,'2019-02-18',321.880,'2019-09-17','2018-09-01'),(119,1766,6,'2019-04-06',371.980,'2019-06-16','2020-02-26'),(103,1767,1,'2019-03-03',220.650,'2019-10-29','2019-12-15'),(152,1768,4,'2019-04-20',760.170,'2018-07-30','2018-10-04'),(154,1769,11,'2019-03-22',265.170,'2019-09-17','2019-12-17'),(110,1770,5,'2019-01-01',489.910,'2020-02-17','2019-06-07'),(128,1771,8,'2019-02-24',84.340,'2018-09-28','2019-03-17'),(126,1772,10,'2019-01-23',337.960,'2020-02-20','2019-10-04'),(194,1773,6,'2019-03-22',148.010,'2019-12-01','2018-09-11'),(126,1774,5,'2019-01-27',204.220,'2020-01-13','2019-05-12'),(135,1775,7,'2019-04-02',215.530,'2019-01-12','2019-02-05'),(192,1776,7,'2019-02-03',249.120,'2019-01-26','2018-08-01'),(144,1777,9,'2019-02-15',28.250,'2019-11-06','2019-02-16'),(185,1778,10,'2019-02-12',249.300,'2019-08-20','2020-03-14'),(179,1779,3,'2019-03-22',519.810,'2018-06-07','2019-04-09'),(127,1780,3,'2019-01-26',773.900,'2019-09-16','2019-04-21'),(191,1781,11,'2019-02-01',182.150,'2018-07-28','2019-04-26'),(152,1782,6,'2019-01-21',258.100,'2019-11-23','2019-12-06'),(153,1783,8,'2019-03-12',122.310,'2018-10-05','2019-06-27'),(143,1784,6,'2019-01-01',578.800,'2020-04-05','2019-10-08'),(160,1785,4,'2019-02-21',396.830,'2018-06-25','2019-05-20'),(111,1786,9,'2019-03-31',95.850,'2019-10-11','2018-07-27'),(172,1787,9,'2019-04-11',228.410,'2018-07-19','2018-11-18'),(191,1788,5,'2019-03-20',474.190,'2020-05-11','2018-10-18'),(146,1789,1,'2019-03-11',779.440,'2018-10-07','2019-06-06'),(101,1790,9,'2019-04-29',281.830,'2019-12-02','2019-01-06'),(187,1791,8,'2019-02-02',384.860,'2019-03-22','2018-06-04'),(103,1792,11,'2019-02-09',301.240,'2019-11-10','2020-03-29'),(174,1793,6,'2019-01-24',377.100,'2019-01-01','2019-07-07'),(133,1794,4,'2019-03-20',746.210,'2018-10-06','2018-10-10'),(136,1795,1,'2019-01-21',709.170,'2018-06-09','2019-06-28'),(179,1796,3,'2019-04-11',637.630,'2019-07-02','2019-07-11'),(176,1797,2,'2019-04-21',192.140,'2019-05-10','2018-11-08'),(139,1798,6,'2019-01-20',376.390,'2020-03-12','2019-04-18'),(138,1799,4,'2019-02-15',330.530,'2018-11-28','2018-09-17');
/*!40000 ALTER TABLE `transaction_details` ENABLE KEYS */;
UNLOCK TABLES;
/*!50003 SET @saved_cs_client      = @@character_set_client */ ;
/*!50003 SET @saved_cs_results     = @@character_set_results */ ;
/*!50003 SET @saved_col_connection = @@collation_connection */ ;
/*!50003 SET character_set_client  = utf8mb4 */ ;
/*!50003 SET character_set_results = utf8mb4 */ ;
/*!50003 SET collation_connection  = utf8mb4_0900_ai_ci */ ;
/*!50003 SET @saved_sql_mode       = @@sql_mode */ ;
/*!50003 SET sql_mode              = 'STRICT_TRANS_TABLES,NO_ENGINE_SUBSTITUTION' */ ;
DELIMITER ;;
/*!50003 CREATE*/ /*!50017 DEFINER=`root`@`localhost`*/ /*!50003 TRIGGER `Audit_Transaction_Detail` BEFORE UPDATE ON `transaction_details` FOR EACH ROW begin insert into Audit_Transactions
( Payment_method_id, Transaction_ID,Category_ID, Transaction_Date, 
  Transaction_Amt, New_Transaction_Amt, Record_Status, First_Created_Date,updated_by
)
values
(old.Payment_method_id, old.Transaction_ID,
 old.Category_ID, old.Transaction_Date,
 old.Transaction_Amt, new.Transaction_Amt, "Update", old.Created_Date,
 user());
 END */;;
DELIMITER ;
/*!50003 SET sql_mode              = @saved_sql_mode */ ;
/*!50003 SET character_set_client  = @saved_cs_client */ ;
/*!50003 SET character_set_results = @saved_cs_results */ ;
/*!50003 SET collation_connection  = @saved_col_connection */ ;
/*!50003 SET @saved_cs_client      = @@character_set_client */ ;
/*!50003 SET @saved_cs_results     = @@character_set_results */ ;
/*!50003 SET @saved_col_connection = @@collation_connection */ ;
/*!50003 SET character_set_client  = utf8mb4 */ ;
/*!50003 SET character_set_results = utf8mb4 */ ;
/*!50003 SET collation_connection  = utf8mb4_0900_ai_ci */ ;
/*!50003 SET @saved_sql_mode       = @@sql_mode */ ;
/*!50003 SET sql_mode              = 'STRICT_TRANS_TABLES,NO_ENGINE_SUBSTITUTION' */ ;
DELIMITER ;;
/*!50003 CREATE*/ /*!50017 DEFINER=`root`@`localhost`*/ /*!50003 TRIGGER `delete_transaction` BEFORE DELETE ON `transaction_details` FOR EACH ROW begin 
delete from transaction_split_details where Transaction_ID = old.Transaction_ID;
insert into Audit_Transactions
( Payment_method_id, Transaction_ID,Category_ID, Transaction_Date, 
  Transaction_Amt,Record_Status, First_Created_Date,updated_by
)
values
(old.Payment_method_id, old.Transaction_ID,
 old.Category_ID, old.Transaction_Date,
 old.Transaction_Amt, "Delete", old.Created_Date,
 user());
 END */;;
DELIMITER ;
/*!50003 SET sql_mode              = @saved_sql_mode */ ;
/*!50003 SET character_set_client  = @saved_cs_client */ ;
/*!50003 SET character_set_results = @saved_cs_results */ ;
/*!50003 SET collation_connection  = @saved_col_connection */ ;

--
-- Table structure for table `transaction_split_details`
--

DROP TABLE IF EXISTS `transaction_split_details`;
/*!40101 SET @saved_cs_client     = @@character_set_client */;
 SET character_set_client = utf8mb4 ;
CREATE TABLE `transaction_split_details` (
  `Transaction_ID` int(11) NOT NULL,
  `Split_ID` int(11) NOT NULL,
  `Split_with_contact` varchar(50) DEFAULT NULL,
  `Split_amount` decimal(10,2) DEFAULT NULL,
  `Created_Date` date DEFAULT NULL,
  `Last_Updated_Date` date DEFAULT NULL,
  PRIMARY KEY (`Transaction_ID`,`Split_ID`),
  CONSTRAINT `R_10` FOREIGN KEY (`Transaction_ID`) REFERENCES `transaction_details` (`Transaction_ID`)
) ENGINE=InnoDB DEFAULT CHARSET=utf8mb4 COLLATE=utf8mb4_0900_ai_ci;
/*!40101 SET character_set_client = @saved_cs_client */;

--
-- Dumping data for table `transaction_split_details`
--

LOCK TABLES `transaction_split_details` WRITE;
/*!40000 ALTER TABLE `transaction_split_details` DISABLE KEYS */;
INSERT INTO `transaction_split_details` VALUES (1000,1503,'Quinlan Frank',56.50,'2019-02-10','2020-03-14'),(1002,1238,'Iliana Munoz',71.25,'2018-11-20','2018-07-10'),(1002,1355,'Galvin Shelton',71.25,'2020-01-29','2018-07-18'),(1002,1656,'Cara Stokes',71.25,'2019-10-29','2019-11-15'),(1004,1443,'Cally Odonnell',284.98,'2019-09-17','2018-07-24'),(1005,1502,'Aidan Ayers',177.68,'2019-05-04','2018-09-03'),(1005,1538,'Irma David',177.68,'2020-05-02','2019-04-30'),(1006,1553,'Sage Harrell',284.98,'2019-07-27','2018-08-13'),(1007,1328,'Devin Morrow',284.98,'2019-03-23','2018-12-21'),(1008,1397,'Courtney Farrell',284.98,'2019-11-24','2018-06-13'),(1009,1671,'Regan Roberts',63.31,'2019-01-05','2019-04-08'),(1013,1178,'Sean Rosales',284.98,'2020-04-17','2019-11-03'),(1014,1457,'Cairo Webster',30.71,'2019-06-19','2019-11-01'),(1014,1490,'Ryder Porter',30.71,'2019-01-01','2019-05-13'),(1014,1613,'Brynn Richmond',30.71,'2018-07-14','2019-04-17'),(1015,1250,'Quentin Nielsen',284.98,'2020-03-14','2018-12-21'),(1016,1393,'Iliana Spence',140.08,'2020-04-03','2020-02-16'),(1016,1432,'Vivian Gonzales',140.08,'2019-11-05','2019-11-17'),(1017,1358,'Tatum Mccormick',77.99,'2019-09-24','2019-01-07'),(1017,1359,'Gillian Stanley',77.99,'2018-05-18','2019-06-07'),(1018,1143,'Fleur Robertson',284.98,'2019-10-30','2020-02-03'),(1019,1694,'Troy Richardson',284.98,'2018-07-05','2019-12-05'),(1020,1468,'Gannon Sutton',284.98,'2019-10-23','2020-01-12'),(1025,1232,'Tate Morris',284.98,'2018-12-09','2019-11-07'),(1028,1104,'Jesse Mcdaniel',114.54,'2019-10-10','2019-05-02'),(1034,1321,'Raphael Blake',284.98,'2019-08-15','2019-12-07'),(1035,1271,'Lamar Weaver',284.98,'2020-01-10','2019-05-22'),(1037,1434,'Anthony Rutledge',123.87,'2018-12-08','2020-03-01'),(1037,1611,'Amena Patrick',123.87,'2018-05-23','2019-12-02'),(1038,1301,'Linda Blanchard',21.04,'2020-04-19','2019-11-16'),(1039,1497,'Emerson Cohen',56.38,'2018-12-09','2018-07-08'),(1040,1420,'Kyra Short',284.98,'2020-04-20','2018-09-01'),(1040,1624,'Giselle Singleton',284.98,'2019-06-08','2019-01-31'),(1041,1448,'Justin Mcclain',213.77,'2018-10-29','2019-10-30'),(1041,1689,'Chaney Figueroa',213.77,'2019-12-28','2018-06-28'),(1043,1602,'Branden Vincent',48.48,'2020-04-12','2019-05-28'),(1051,1159,'Jelani Owens',284.98,'2018-05-27','2020-02-18'),(1052,1123,'Dai Rasmussen',284.98,'2019-05-24','2020-05-02'),(1054,1221,'Shellie Woods',284.98,'2019-01-03','2019-01-07'),(1054,1334,'Hector Morgan',284.98,'2018-06-07','2019-12-05'),(1055,1237,'Byron Moreno',284.98,'2018-11-07','2019-05-25'),(1056,1135,'Barclay King',284.98,'2019-05-19','2019-06-25'),(1056,1537,'Celeste Joseph',284.98,'2019-01-29','2019-09-12'),(1059,1220,'Wyoming Tucker',181.12,'2019-12-02','2018-11-05'),(1059,1278,'Madaline Armstrong',181.12,'2019-10-06','2018-06-29'),(1060,1377,'Iola Neal',57.77,'2019-03-09','2020-03-31'),(1060,1509,'Astra Finch',57.77,'2018-12-10','2019-07-02'),(1061,1172,'Illana Daniels',97.01,'2019-11-27','2020-01-24'),(1061,1519,'Cherokee Clark',97.01,'2018-09-06','2018-11-14'),(1064,1268,'Ross Fernandez',87.77,'2018-06-06','2020-04-28'),(1066,1449,'Yael Duffy',284.98,'2019-01-16','2019-11-26'),(1066,1510,'Bell Juarez',284.98,'2018-07-25','2020-01-21'),(1069,1620,'Ariel Odom',284.98,'2019-11-14','2019-05-14'),(1073,1338,'Brianna Hanson',284.98,'2018-11-23','2019-12-10'),(1074,1422,'Preston Schroeder',284.98,'2018-10-06','2020-02-20'),(1075,1361,'Celeste Soto',13.70,'2020-02-20','2019-05-18'),(1076,1496,'Isaiah Anthony',111.04,'2019-10-18','2018-07-14'),(1078,1287,'Ayanna Ayala',284.98,'2020-02-05','2019-08-16'),(1079,1635,'Jasper Schwartz',139.06,'2019-03-18','2019-08-02'),(1082,1233,'Nissim Duffy',284.98,'2018-08-27','2019-09-29'),(1085,1251,'Martina Newman',70.25,'2020-01-18','2019-08-21'),(1085,1567,'Aidan Gardner',70.25,'2018-12-09','2020-04-15'),(1085,1585,'Xyla Dennis',70.25,'2018-10-05','2019-04-18'),(1086,1563,'Ciaran Carroll',70.84,'2019-05-21','2020-01-03'),(1087,1617,'Colt Duncan',14.14,'2020-03-26','2020-02-22'),(1093,1346,'Ulric Burnett',38.66,'2018-07-17','2018-09-07'),(1094,1506,'Cynthia Carpenter',63.08,'2020-03-20','2018-10-23'),(1095,1630,'Reese Brewer',284.98,'2018-07-31','2018-08-23'),(1098,1501,'Chaim Rivas',284.98,'2019-10-19','2019-09-03'),(1098,1618,'Beatrice Suarez',284.98,'2018-10-12','2020-02-10'),(1101,1126,'May Santana',284.98,'2018-12-03','2018-06-26'),(1102,1246,'Stacey Dodson',284.98,'2020-03-22','2020-02-16'),(1104,1522,'Nadine Brooks',284.98,'2019-05-29','2019-06-11'),(1111,1183,'Nigel Holloway',148.47,'2019-11-21','2018-09-24'),(1111,1352,'Ali Carson',148.47,'2018-11-04','2019-07-04'),(1112,1279,'Dominique Wolf',125.57,'2018-11-12','2019-05-28'),(1115,1546,'Ivory Baird',284.98,'2018-06-11','2020-03-28'),(1116,1291,'Chaim Tucker',284.98,'2020-03-26','2019-11-06'),(1117,1270,'Griffith Charles',284.98,'2019-04-03','2018-11-13'),(1119,1597,'Keely Hartman',284.98,'2020-05-02','2019-03-22'),(1121,1371,'Wilma Koch',284.98,'2018-07-08','2018-07-28'),(1123,1369,'Yolanda Lambert',6.01,'2019-10-31','2018-09-15'),(1125,1244,'Omar Burris',284.98,'2020-04-03','2019-06-05'),(1126,1120,'Nigel Gallagher',59.75,'2018-06-20','2019-11-07'),(1127,1247,'Ginger Morin',284.98,'2019-12-21','2019-08-04'),(1128,1700,'Mohammad Mckee',137.03,'2020-03-17','2018-11-16'),(1131,1195,'Boris Aguirre',125.87,'2018-10-24','2019-10-29'),(1131,1309,'Derek Oconnor',125.87,'2020-05-01','2020-02-06'),(1137,1215,'Jena Gamble',41.29,'2019-07-11','2018-11-21'),(1138,1351,'Yuli Gaines',284.98,'2019-08-11','2019-01-29'),(1141,1473,'Jasmine Delgado',284.98,'2018-06-15','2019-09-01'),(1142,1565,'Austin Hubbard',160.59,'2020-01-29','2019-05-04'),(1142,1655,'Leah Pate',160.59,'2019-05-06','2019-06-02'),(1143,1224,'Adena Bender',108.07,'2020-05-17','2018-09-21'),(1144,1147,'Kim Coleman',62.81,'2020-03-13','2018-06-18'),(1144,1154,'Judah Walter',62.81,'2019-01-22','2018-12-06'),(1144,1657,'Timon Wise',62.81,'2020-02-13','2019-08-18'),(1145,1508,'Brittany Key',31.75,'2018-08-03','2019-12-22'),(1147,1179,'Matthew Talley',284.98,'2019-12-27','2019-04-28'),(1149,1205,'Beatrice Moore',284.98,'2018-11-26','2018-09-03'),(1151,1511,'Kelly Lucas',284.98,'2018-12-10','2020-04-02'),(1152,1333,'Aquila Villarreal',54.04,'2018-07-16','2020-03-31'),(1153,1335,'Dacey Mack',99.75,'2018-08-25','2019-01-06'),(1153,1641,'Keefe Chambers',99.75,'2018-11-11','2019-06-08'),(1154,1226,'Jenna Norris',25.47,'2020-04-03','2018-07-20'),(1158,1214,'Beck Baker',284.98,'2018-11-01','2018-08-22'),(1159,1492,'Isaac Reeves',284.98,'2019-06-30','2019-08-16'),(1164,1493,'August Hoover',78.13,'2018-12-16','2019-06-18'),(1165,1356,'Rebekah Roy',93.82,'2018-06-25','2020-04-13'),(1165,1472,'Quin Parsons',93.82,'2019-06-19','2018-08-01'),(1166,1447,'Flavia Vaughan',93.17,'2020-02-26','2020-01-11'),(1167,1608,'Claudia Roman',284.98,'2019-05-04','2018-11-29'),(1170,1151,'Acton Bradford',284.98,'2018-06-13','2019-10-27'),(1171,1392,'Rae Sweet',284.98,'2020-02-07','2019-04-01'),(1175,1423,'Quemby Hays',284.98,'2019-06-13','2020-02-19'),(1177,1266,'Willa Bush',284.98,'2019-02-09','2018-11-02'),(1181,1177,'Clio Conrad',284.98,'2018-09-17','2019-07-30'),(1182,1107,'Leslie Mcfarland',113.48,'2019-08-25','2020-01-13'),(1185,1349,'Megan Cameron',284.98,'2020-02-08','2019-01-11'),(1187,1564,'Britanney Baldwin',56.20,'2020-03-26','2018-08-16'),(1190,1384,'Alma Osborn',147.98,'2019-06-07','2019-05-20'),(1190,1469,'Leila Acevedo',147.98,'2019-11-30','2019-06-02'),(1193,1425,'Baxter Dorsey',284.98,'2020-01-20','2019-08-30'),(1194,1691,'Timothy Warner',14.51,'2019-01-08','2019-08-28'),(1196,1173,'Kyle Ramirez',211.59,'2018-10-16','2019-06-03'),(1196,1396,'Clarke Manning',211.59,'2018-06-08','2020-01-20'),(1197,1256,'Yuli Mckenzie',104.83,'2019-09-15','2019-05-29'),(1197,1588,'Jolie Romero',104.83,'2020-03-15','2019-10-28'),(1200,1505,'Dawn Shaffer',196.96,'2018-11-21','2018-12-14'),(1200,1674,'Jada Robertson',196.96,'2019-12-08','2019-08-27'),(1201,1407,'Palmer Boone',85.89,'2019-04-01','2018-06-05'),(1203,1138,'Wade Glover',284.98,'2019-02-20','2020-03-08'),(1204,1121,'Kasimir Sears',26.59,'2019-07-19','2019-08-10'),(1204,1364,'Derek Pate',26.59,'2020-03-26','2019-08-18'),(1204,1698,'Aidan Cohen',26.59,'2019-01-26','2019-10-21'),(1206,1390,'Colton Battle',284.98,'2018-09-19','2019-10-12'),(1208,1353,'Dean Heath',284.98,'2018-06-23','2019-11-21'),(1213,1411,'Kiara Rowland',40.13,'2019-02-23','2020-04-09'),(1217,1182,'William Dyer',23.79,'2018-12-05','2018-09-06'),(1217,1201,'Coby Vega',23.79,'2019-08-29','2019-08-10'),(1219,1139,'Echo Albert',284.98,'2019-02-16','2018-08-27'),(1220,1310,'Uriel Fuentes',284.98,'2019-04-30','2020-03-22'),(1222,1149,'Angela King',284.98,'2019-08-04','2019-01-21'),(1224,1112,'Maia Fox',27.30,'2018-11-11','2018-10-26'),(1224,1323,'Rebekah Hopkins',27.30,'2020-04-29','2019-03-16'),(1224,1440,'Baxter Wynn',27.30,'2019-10-04','2020-05-08'),(1226,1573,'Caleb Kerr',45.32,'2018-07-13','2019-01-05'),(1228,1248,'Darrel Puckett',97.74,'2018-06-24','2018-12-19'),(1228,1477,'Kiayada Calhoun',97.74,'2019-10-01','2019-12-02'),(1228,1631,'Chadwick Golden',97.74,'2019-02-15','2019-11-15'),(1230,1374,'Scott Spears',134.96,'2019-03-26','2020-04-18'),(1230,1419,'Nathaniel Cruz',134.96,'2019-08-09','2020-02-19'),(1230,1592,'Jarrod Henderson',134.96,'2018-08-16','2020-05-09'),(1230,1667,'Sacha Moss',134.96,'2020-02-12','2019-05-29'),(1231,1463,'Fuller Berry',115.76,'2020-01-24','2018-07-27'),(1234,1299,'Ramona Davis',284.98,'2019-11-22','2019-07-30'),(1237,1498,'Rae Mcdaniel',10.82,'2019-05-28','2018-12-04'),(1238,1549,'Lucas Webb',284.98,'2018-06-26','2020-03-03'),(1239,1581,'Holly Kent',284.98,'2018-10-03','2019-04-05'),(1244,1196,'Tatum Barr',65.05,'2020-01-10','2018-07-03'),(1246,1144,'Julian Nicholson',66.03,'2018-09-07','2019-09-05'),(1246,1164,'Cheryl Pugh',66.03,'2020-05-14','2019-07-28'),(1246,1316,'Lydia Carr',66.03,'2019-11-11','2019-07-10'),(1246,1604,'Reed Dennis',66.03,'2018-09-22','2019-05-23'),(1247,1527,'May Stevenson',284.98,'2019-12-28','2019-11-04'),(1249,1634,'Drake Charles',284.98,'2018-05-23','2019-06-09'),(1252,1318,'Ronan Fletcher',17.42,'2018-10-12','2020-04-28'),(1252,1474,'Brianna Mann',17.42,'2019-08-13','2019-05-13'),(1253,1580,'Rana Woodward',120.34,'2019-07-20','2019-04-22'),(1254,1410,'Ivor Watts',284.98,'2020-04-10','2019-12-02'),(1255,1518,'Martha Osborn',36.14,'2020-03-06','2018-06-07'),(1258,1295,'Sheila Curry',19.30,'2019-12-14','2018-07-29'),(1258,1450,'Amos Sharp',19.30,'2019-05-31','2019-12-10'),(1259,1185,'Donovan Camacho',113.03,'2019-06-28','2018-10-22'),(1260,1646,'Rudyard Nicholson',177.75,'2018-06-04','2018-08-29'),(1260,1679,'Jerry Love',177.75,'2019-03-07','2019-01-25'),(1263,1124,'Jolene Livingston',284.98,'2018-07-30','2019-03-01'),(1263,1284,'Hermione Reese',284.98,'2019-06-25','2019-03-16'),(1266,1136,'Brendan Britt',61.07,'2019-10-08','2019-04-15'),(1266,1638,'Jane Pugh',61.07,'2019-06-21','2019-01-04'),(1267,1115,'Dakota Todd',217.80,'2019-01-25','2019-09-18'),(1267,1239,'McKenzie Gilbert',217.80,'2019-01-10','2019-12-07'),(1269,1128,'Tatiana Ayala',160.87,'2018-11-21','2018-07-12'),(1269,1345,'Timon Cote',160.87,'2019-01-07','2019-04-05'),(1269,1622,'Oren Mercer',160.87,'2018-12-26','2020-02-25'),(1271,1652,'Fitzgerald Salinas',130.72,'2020-04-21','2019-11-08'),(1274,1332,'Wayne English',33.37,'2019-10-20','2019-01-23'),(1275,1190,'Rinah Vang',46.52,'2018-06-15','2019-08-23'),(1279,1219,'Rowan Martinez',284.98,'2018-12-29','2018-12-19'),(1284,1223,'Amal Perry',255.48,'2018-11-11','2020-04-19'),(1284,1414,'Hanna Jenkins',255.48,'2020-04-01','2018-10-05'),(1285,1158,'Clio Leon',43.53,'2018-12-20','2018-11-10'),(1288,1533,'Adam Gray',284.98,'2019-08-31','2020-02-17'),(1289,1327,'Chaim Hoffman',129.52,'2019-03-09','2018-09-06'),(1290,1427,'Dora Hines',284.98,'2019-11-21','2019-09-04'),(1290,1480,'Quentin Noel',284.98,'2019-12-06','2018-08-21'),(1292,1561,'Violet Larson',284.98,'2018-05-29','2018-11-02'),(1293,1145,'Knox Mathews',284.98,'2018-06-13','2020-02-12'),(1297,1696,'Zeph Flynn',127.38,'2018-06-22','2019-02-08'),(1298,1491,'Oscar Dixon',58.07,'2018-10-05','2019-01-24'),(1301,1662,'Abdul Pruitt',284.98,'2020-04-11','2018-11-01'),(1302,1141,'Tanner Hunter',39.46,'2019-10-03','2018-06-11'),(1303,1651,'Aristotle Moreno',284.98,'2020-04-29','2020-01-12'),(1305,1227,'Pamela Avery',87.69,'2019-09-29','2018-06-02'),(1305,1445,'Shelley Molina',87.69,'2018-08-11','2019-03-26'),(1306,1282,'Irene Roman',143.19,'2019-10-13','2019-05-10'),(1306,1464,'Marcia Morris',143.19,'2019-03-05','2018-05-31'),(1309,1428,'Ryan Shepherd',134.06,'2019-02-06','2019-06-07'),(1310,1203,'Sylvia Richard',284.98,'2018-11-29','2020-02-07'),(1314,1545,'Karen Vinson',67.92,'2019-11-08','2020-03-08'),(1317,1536,'Keith Branch',284.98,'2020-04-18','2019-11-20'),(1318,1161,'Brandon Hensley',105.29,'2020-02-29','2018-12-06'),(1323,1153,'Maite Crane',86.03,'2019-03-31','2020-04-22'),(1323,1228,'Boris Day',86.03,'2019-10-01','2019-12-04'),(1327,1682,'Michael Travis',284.98,'2018-08-30','2019-09-02'),(1328,1532,'Fleur Noel',90.20,'2018-11-25','2018-11-11'),(1328,1599,'Shannon Henson',90.20,'2020-02-25','2020-04-13'),(1329,1640,'Barclay Carney',63.70,'2018-09-05','2018-11-10'),(1329,1699,'Yasir Albert',63.70,'2020-03-27','2019-04-29'),(1330,1626,'Declan Stafford',16.48,'2019-08-21','2018-12-26'),(1333,1133,'Melissa Weber',148.82,'2019-05-26','2018-10-24'),(1333,1542,'Plato Kane',148.82,'2019-01-11','2020-01-21'),(1336,1548,'Mannix Oneil',284.98,'2018-09-03','2018-10-23'),(1339,1127,'Heather Kerr',250.58,'2020-02-18','2019-03-13'),(1339,1181,'Alana Schmidt',250.58,'2019-12-06','2019-11-26'),(1340,1683,'Nigel Strong',115.12,'2019-09-15','2018-05-26'),(1341,1340,'Mikayla Leblanc',42.56,'2020-04-28','2020-01-22'),(1342,1277,'Lamar Knapp',168.34,'2018-12-26','2020-04-03'),(1342,1555,'Hayden Mcneil',168.34,'2018-12-04','2020-03-23'),(1342,1677,'Andrew Jacobson',168.34,'2018-07-05','2020-02-21'),(1343,1470,'Patience Newman',284.98,'2019-01-01','2018-10-27'),(1344,1319,'Trevor Rivers',108.47,'2018-10-17','2019-01-23'),(1345,1383,'Curran Beasley',56.59,'2020-02-25','2019-03-27'),(1349,1575,'Knox Nash',43.28,'2019-02-18','2018-05-18'),(1351,1614,'Emmanuel Coleman',284.98,'2020-02-03','2018-12-14'),(1352,1217,'Chava Montoya',284.98,'2018-08-19','2019-02-13'),(1353,1307,'Anjolie Schroeder',211.57,'2019-05-16','2019-08-02'),(1353,1543,'Medge Buckner',211.57,'2018-07-15','2019-05-19'),(1354,1245,'Sopoline Lyons',75.83,'2020-02-03','2019-11-23'),(1354,1409,'Igor Dunlap',75.83,'2020-04-02','2019-04-16'),(1357,1436,'Noah Blevins',97.30,'2019-06-29','2018-08-14'),(1359,1357,'Jorden Hurst',284.98,'2019-07-10','2018-07-15'),(1361,1162,'Colton Klein',44.37,'2020-03-20','2019-12-25'),(1361,1167,'Hayfa Franks',44.37,'2018-11-24','2019-07-07'),(1361,1452,'Cynthia Potter',44.37,'2019-10-07','2020-02-08'),(1361,1686,'Kessie Cross',44.37,'2019-09-13','2019-12-04'),(1362,1367,'Brock Castro',284.98,'2019-04-09','2018-08-18'),(1362,1535,'Joelle Atkins',284.98,'2018-08-25','2019-10-29'),(1363,1360,'Wayne Zamora',284.98,'2018-06-01','2019-09-01'),(1365,1146,'Amery Alvarado',12.13,'2020-05-07','2019-02-23'),(1365,1150,'Amity Juarez',12.13,'2018-08-24','2020-03-26'),(1366,1413,'Shelby Shepard',134.49,'2019-08-27','2018-12-07'),(1368,1402,'Hoyt Zamora',284.98,'2019-11-12','2019-02-22'),(1369,1188,'Carson Douglas',150.15,'2019-04-30','2019-01-28'),(1369,1526,'Ezra Adkins',150.15,'2018-07-29','2019-09-02'),(1372,1388,'Katell Knight',1.89,'2019-09-16','2019-03-03'),(1374,1269,'Brock Santana',284.98,'2018-11-23','2019-09-28'),(1374,1488,'Jada Whitfield',284.98,'2020-02-23','2019-12-27'),(1375,1331,'Amaya Guzman',284.98,'2018-09-19','2020-01-10'),(1375,1673,'Libby Berg',284.98,'2018-10-01','2020-02-20'),(1376,1557,'Ignatius Stephens',15.28,'2018-10-14','2018-12-07'),(1376,1616,'Curran Estrada',15.28,'2019-10-14','2020-03-14'),(1377,1437,'Ryan Gould',284.98,'2018-11-01','2018-10-01'),(1379,1225,'James Benton',284.98,'2019-08-06','2020-03-02'),(1381,1541,'Julian Richard',284.98,'2020-03-25','2019-08-31'),(1382,1680,'Haviva Nixon',284.98,'2019-11-04','2018-12-01'),(1384,1610,'Zena Gillespie',284.98,'2019-02-11','2019-03-08'),(1385,1643,'Melinda Cooke',284.98,'2019-04-24','2019-04-27'),(1387,1582,'Marah Turner',203.54,'2020-01-16','2019-09-13'),(1387,1590,'Quinn Donaldson',203.54,'2019-01-17','2019-03-10'),(1388,1199,'Deacon Horn',50.18,'2020-01-20','2019-07-18'),(1388,1218,'Sloane Lancaster',50.18,'2018-06-07','2020-01-01'),(1389,1644,'Zoe Hensley',284.98,'2018-10-13','2020-05-02'),(1392,1412,'Micah Larson',38.32,'2020-01-26','2019-06-08'),(1393,1612,'McKenzie Hopkins',17.54,'2019-06-09','2019-11-01'),(1394,1500,'Declan Kane',284.98,'2019-04-18','2019-12-19'),(1395,1451,'Evan Collier',284.98,'2019-06-01','2019-06-24'),(1400,1664,'Clark Bright',81.07,'2018-08-19','2018-12-08'),(1402,1642,'Jade Cummings',284.98,'2019-12-26','2020-02-03'),(1407,1629,'Orson Kelley',72.39,'2020-03-01','2020-03-02'),(1407,1672,'Christian Ford',72.39,'2018-12-23','2018-09-21'),(1410,1324,'Mari Cruz',84.37,'2018-07-09','2020-01-26'),(1410,1370,'Knox Sexton',84.37,'2018-06-23','2019-12-22'),(1411,1290,'Diana Middleton',12.97,'2018-06-09','2019-07-25'),(1411,1524,'Sandra Huber',12.97,'2019-02-15','2019-01-23'),(1412,1329,'Cameron Noel',284.98,'2020-03-12','2019-10-03'),(1415,1609,'Amber Pratt',284.98,'2018-06-07','2020-04-22'),(1416,1114,'Colin Norton',110.56,'2018-06-24','2019-09-09'),(1418,1433,'Timothy Ayala',284.98,'2020-04-17','2019-06-02'),(1419,1174,'Valentine Manning',31.42,'2019-02-04','2019-04-01'),(1422,1687,'Tamara Eaton',284.98,'2019-07-19','2020-02-24'),(1423,1130,'Amir Wynn',54.86,'2019-02-28','2019-12-18'),(1423,1148,'Madison Campbell',54.86,'2020-05-07','2019-03-09'),(1423,1249,'Charles Wise',54.86,'2019-06-17','2018-07-10'),(1423,1311,'Regina Hale',54.86,'2018-07-13','2019-05-20'),(1424,1504,'Beck Moran',183.48,'2018-07-01','2020-03-09'),(1424,1668,'Selma Rivera',183.48,'2020-03-26','2019-02-17'),(1428,1314,'Sloane Walters',239.53,'2018-09-22','2019-01-12'),(1428,1658,'Hedley Jennings',239.53,'2018-12-20','2019-03-19'),(1429,1489,'Carlos Knox',101.86,'2019-02-04','2019-03-24'),(1432,1517,'Elmo Cruz',284.98,'2018-11-26','2018-10-25'),(1432,1659,'Lillian Cooke',284.98,'2019-06-23','2018-08-16'),(1433,1168,'Melinda Keller',284.98,'2019-11-03','2019-02-17'),(1433,1211,'Noble Andrews',284.98,'2019-01-15','2019-05-04'),(1434,1119,'Melodie Weeks',87.65,'2018-08-23','2019-07-25'),(1435,1341,'Quinn Perkins',284.98,'2018-07-26','2019-08-08'),(1435,1670,'MacKenzie Guthrie',284.98,'2019-06-03','2019-10-10'),(1436,1289,'Stephen Donaldson',284.98,'2019-07-07','2019-09-15'),(1442,1122,'Urielle Huffman',96.44,'2019-06-01','2019-11-07'),(1442,1475,'Vivian Wagner',96.44,'2018-09-26','2019-11-08'),(1443,1560,'Brent Sloan',57.94,'2019-10-27','2020-03-12'),(1443,1584,'Abraham James',57.94,'2018-11-13','2019-07-24'),(1446,1697,'Amber Trujillo',24.26,'2018-10-02','2019-09-15'),(1447,1544,'September Nieves',47.96,'2018-10-21','2019-09-17'),(1448,1405,'Kirk Morrison',284.98,'2019-01-11','2019-03-21'),(1449,1562,'Margaret Patel',284.98,'2020-04-30','2018-11-26'),(1450,1556,'Hanae Mcneil',284.98,'2019-03-08','2019-02-06'),(1451,1415,'Amy Holder',86.17,'2018-08-29','2018-05-31'),(1452,1209,'Micah Harmon',284.98,'2018-06-05','2019-12-26'),(1455,1216,'Keane Blankenship',15.24,'2018-06-23','2019-05-12'),(1455,1566,'Tarik Hines',15.24,'2020-02-14','2018-11-13'),(1459,1379,'Shelby Wall',284.98,'2020-05-04','2018-07-09'),(1461,1212,'Audrey Buckner',284.98,'2020-04-06','2018-07-09'),(1462,1243,'Gary Dickson',66.56,'2018-10-13','2020-03-13'),(1462,1481,'Aretha Cole',66.56,'2019-04-21','2018-12-22'),(1463,1292,'Elliott Weber',8.49,'2019-08-22','2019-06-13'),(1463,1343,'Carter Mckenzie',8.49,'2018-11-03','2019-10-16'),(1464,1129,'Tatum Hickman',128.11,'2019-09-23','2019-03-28'),(1467,1586,'Britanni Sexton',24.39,'2020-02-18','2019-08-22'),(1471,1362,'Anthony Hunt',284.98,'2018-11-23','2018-12-04'),(1471,1375,'McKenzie Mann',284.98,'2019-06-24','2019-09-19'),(1472,1166,'Daria Oliver',26.40,'2019-04-07','2019-08-14'),(1472,1254,'Whitney Newton',26.40,'2018-12-26','2018-06-26'),(1473,1378,'Jin Miller',284.98,'2018-08-30','2019-08-11'),(1473,1693,'Shea Rice',284.98,'2019-04-10','2018-11-19'),(1474,1110,'Tate Justice',129.72,'2020-02-09','2020-04-15'),(1474,1276,'Duncan Ortiz',129.72,'2018-12-09','2019-12-15'),(1474,1429,'Daniel Mcfarland',129.72,'2019-01-14','2019-05-25'),(1476,1313,'Maxine Fox',284.98,'2018-10-11','2018-08-04'),(1476,1406,'Grady Santana',284.98,'2018-12-23','2019-11-06'),(1478,1568,'Kelsey Klein',284.98,'2019-07-14','2019-09-19'),(1479,1208,'Lesley King',66.52,'2020-01-29','2020-02-15'),(1481,1325,'Jared Dillon',58.25,'2019-02-02','2018-05-29'),(1484,1267,'Hilel Cochran',85.47,'2018-06-19','2018-10-28'),(1484,1534,'Kaseem Calhoun',85.47,'2019-01-23','2020-03-24'),(1484,1583,'Melinda Whitney',85.47,'2019-01-26','2020-01-27'),(1489,1108,'Jermaine Conway',284.98,'2019-05-02','2018-06-15'),(1490,1441,'Octavia Boyer',50.50,'2019-03-07','2018-08-24'),(1491,1685,'Miranda Bird',284.98,'2018-10-19','2018-08-28'),(1492,1240,'Keefe Miles',12.06,'2019-04-06','2019-07-05'),(1492,1552,'Craig Maynard',12.06,'2018-10-02','2018-06-29'),(1495,1623,'Urielle Petty',284.98,'2019-04-05','2020-01-12'),(1498,1260,'Jessamine Vang',284.98,'2018-07-24','2018-07-05'),(1499,1229,'Myra Sampson',111.21,'2020-01-14','2019-07-10'),(1500,1401,'Chelsea Adkins',284.98,'2019-07-30','2020-01-21'),(1502,1234,'Jonas Dotson',153.25,'2019-04-08','2018-08-26'),(1502,1395,'Castor Hayden',153.25,'2019-02-04','2020-02-28'),(1502,1684,'Dante Keller',153.25,'2019-03-27','2018-11-12'),(1503,1155,'Quinn Macias',284.98,'2018-10-02','2019-08-17'),(1505,1593,'Francesca Oneill',284.98,'2019-02-27','2018-08-27'),(1506,1180,'Ariel Espinoza',193.05,'2018-05-21','2019-12-22'),(1506,1350,'Trevor Dominguez',193.05,'2020-03-19','2020-02-10'),(1508,1132,'McKenzie Dunlap',226.79,'2019-09-17','2020-04-06'),(1508,1676,'Emerson Maxwell',226.79,'2019-01-24','2020-02-05'),(1509,1330,'Howard Paul',284.98,'2019-09-24','2020-04-08'),(1511,1242,'Veronica Jarvis',69.75,'2019-04-07','2019-07-06'),(1512,1118,'Jana Fry',9.97,'2020-03-09','2019-01-06'),(1513,1649,'Gannon Mccarty',284.98,'2020-01-30','2019-08-05'),(1514,1258,'Elliott Figueroa',179.74,'2018-10-23','2018-12-28'),(1514,1520,'Cain Merritt',179.74,'2018-10-16','2019-06-22'),(1516,1645,'Arthur Coleman',284.98,'2020-04-18','2018-10-26'),(1517,1186,'Grace Oneil',2.22,'2018-06-17','2018-12-16'),(1519,1192,'Cruz Cooley',19.05,'2018-12-25','2018-10-30'),(1519,1200,'Simone Lindsay',19.05,'2019-01-08','2019-11-04'),(1519,1404,'Elmo Knight',19.05,'2019-04-02','2019-08-08'),(1519,1446,'Wyatt Hayden',19.05,'2019-11-25','2018-06-09'),(1519,1598,'Deirdre Spears',19.05,'2018-06-18','2018-07-30'),(1520,1189,'Claudia Riley',144.36,'2019-11-23','2020-04-26'),(1520,1594,'Shad Newton',144.36,'2019-12-08','2018-08-12'),(1521,1312,'Amos Fitzpatrick',157.88,'2018-11-18','2018-11-15'),(1521,1513,'Hadassah Sykes',157.88,'2018-08-03','2019-12-24'),(1523,1281,'Madaline Colon',119.33,'2019-01-16','2018-06-25'),(1523,1605,'Brennan Juarez',119.33,'2018-05-19','2019-12-07'),(1524,1424,'Jessica Marquez',284.98,'2019-03-10','2019-12-30'),(1525,1280,'Dean Morales',284.98,'2018-09-16','2018-09-21'),(1528,1294,'Harlan Sheppard',13.04,'2019-04-27','2020-04-27'),(1528,1654,'Salvador England',13.04,'2019-09-02','2018-09-14'),(1530,1231,'Marny Bright',284.98,'2019-08-31','2020-02-12'),(1531,1113,'Leigh Santiago',213.62,'2019-08-25','2019-11-08'),(1531,1531,'Willow Jefferson',213.62,'2019-01-23','2018-11-11'),(1534,1111,'Tatum Dickerson',284.98,'2018-07-05','2020-01-06'),(1535,1286,'Vera Duke',133.32,'2018-12-28','2020-03-21'),(1537,1376,'Marvin Willis',284.98,'2018-12-29','2018-12-21'),(1538,1198,'Galvin Pope',284.98,'2018-10-16','2019-08-02'),(1539,1336,'Channing Wise',127.13,'2019-04-19','2019-02-02'),(1539,1431,'Gwendolyn Guerra',127.13,'2018-09-16','2019-10-24'),(1539,1576,'Lisandra Yang',127.13,'2018-11-30','2018-07-08'),(1540,1385,'Reed Cooper',284.98,'2018-08-05','2018-09-16'),(1541,1435,'Allegra Richmond',106.96,'2020-02-10','2020-01-03'),(1542,1416,'Beau Lynn',108.44,'2018-11-21','2018-11-29'),(1542,1515,'Berk Baker',108.44,'2020-03-14','2020-02-03'),(1543,1160,'Josephine Stout',6.75,'2019-05-01','2020-04-27'),(1544,1306,'Rae Mcgee',284.98,'2018-10-13','2019-06-09'),(1546,1274,'Henry Hall',209.89,'2019-08-20','2019-07-18'),(1546,1366,'Hedy Suarez',209.89,'2019-06-02','2019-05-13'),(1549,1241,'Gray Colon',196.28,'2019-01-03','2019-09-28'),(1549,1516,'Wynter Santos',196.28,'2019-06-07','2020-03-14'),(1552,1529,'Nathaniel Ball',44.58,'2018-09-16','2019-07-08'),(1554,1421,'Brent Hodges',146.84,'2019-06-07','2019-06-26'),(1554,1692,'Timothy Swanson',146.84,'2019-10-07','2020-04-02'),(1559,1363,'Malcolm Whitley',21.04,'2020-01-18','2019-08-16'),(1559,1512,'Chase Contreras',21.04,'2019-09-17','2020-01-31'),(1560,1639,'Arsenio Little',284.98,'2019-08-17','2020-03-03'),(1561,1675,'Cassady Boyd',51.10,'2019-07-27','2020-02-19'),(1563,1235,'Gail Sharpe',284.98,'2018-08-16','2019-10-15'),(1564,1530,'Patience Duran',79.79,'2019-05-15','2019-06-11'),(1565,1344,'Nissim Mcleod',284.98,'2020-03-07','2019-04-10'),(1567,1373,'Solomon Forbes',284.98,'2018-12-05','2018-09-19'),(1568,1308,'Gail Davidson',284.98,'2020-03-31','2018-05-27'),(1569,1660,'Yen Hardin',122.13,'2019-06-11','2019-11-16'),(1570,1125,'Chaim Cleveland',203.20,'2018-09-04','2018-12-19'),(1570,1569,'Dorian Norris',203.20,'2019-01-21','2019-05-17'),(1571,1117,'Lenore Palmer',81.81,'2019-12-28','2018-08-19'),(1571,1454,'Seth Gallegos',81.81,'2019-12-05','2019-11-09'),(1571,1494,'Germaine Jennings',81.81,'2020-04-30','2019-07-14'),(1574,1305,'Benjamin Reilly',284.98,'2019-10-05','2018-08-31'),(1575,1458,'Cassady Walls',284.98,'2019-02-09','2019-02-19'),(1578,1296,'Nathan Burch',284.98,'2019-10-15','2018-06-14'),(1578,1417,'Mona Weber',284.98,'2019-06-21','2019-12-30'),(1579,1389,'Mercedes Vaughan',131.99,'2018-08-12','2019-03-20'),(1579,1521,'Dante Dillard',131.99,'2018-10-24','2019-08-29'),(1583,1547,'Sara Vasquez',284.98,'2018-09-01','2019-10-27'),(1585,1394,'Claudia Knight',284.98,'2018-07-19','2019-05-18'),(1591,1467,'Keaton Pittman',137.51,'2018-08-23','2018-08-16'),(1593,1487,'Hollee Tillman',284.98,'2018-08-16','2019-01-23'),(1594,1102,'Yasir Mckee',39.62,'2019-03-25','2019-07-24'),(1594,1262,'Kelly Butler',39.62,'2018-07-05','2018-12-08'),(1594,1320,'Kibo Wright',39.62,'2019-04-08','2019-09-03'),(1594,1326,'Guy Blair',39.62,'2018-12-27','2018-10-30'),(1594,1589,'Gisela Craft',39.62,'2018-12-24','2018-11-10'),(1596,1483,'Buckminster Park',284.98,'2019-07-04','2019-04-12'),(1598,1156,'Isaiah Simon',35.58,'2020-03-27','2020-02-26'),(1598,1476,'Dominic Pittman',35.58,'2019-11-20','2019-02-18'),(1599,1430,'Francis Walls',284.98,'2019-03-02','2018-10-05'),(1601,1222,'Nicholas Mcbride',284.98,'2019-01-02','2019-09-29'),(1605,1627,'John Henderson',129.89,'2018-06-28','2018-06-11'),(1607,1175,'Imelda Hunter',36.57,'2018-08-07','2019-02-20'),(1607,1400,'Evangeline Howard',36.57,'2018-10-20','2020-04-18'),(1608,1263,'Luke Mcintyre',98.60,'2019-08-07','2019-06-28'),(1608,1337,'Simone Cervantes',98.60,'2019-10-16','2018-08-27'),(1608,1347,'Griffin Spence',98.60,'2018-12-05','2018-10-17'),(1608,1603,'Meredith Carr',98.60,'2018-10-29','2020-03-04'),(1610,1455,'Demetria Pacheco',28.81,'2019-04-08','2019-06-01'),(1611,1678,'Vaughan Carroll',284.98,'2018-07-01','2019-09-26'),(1614,1596,'Quinn Ware',172.41,'2019-09-13','2018-09-22'),(1614,1633,'Harriet Hendricks',172.41,'2019-07-03','2019-11-15'),(1615,1342,'Upton Tillman',60.85,'2019-05-20','2019-03-23'),(1615,1391,'Libby Beach',60.85,'2018-10-02','2019-06-14'),(1616,1570,'Levi Berry',284.98,'2020-02-23','2018-10-01'),(1622,1106,'Kasimir Rowland',182.12,'2018-07-18','2018-07-01'),(1622,1453,'Logan Simon',182.12,'2018-12-19','2018-07-11'),(1624,1460,'Donovan Ware',284.98,'2019-08-14','2020-04-28'),(1624,1466,'Kieran Caldwell',284.98,'2019-11-10','2019-06-08'),(1625,1297,'Xena Hoffman',284.98,'2019-11-20','2019-05-21'),(1627,1666,'Hilel Hahn',55.92,'2020-03-18','2020-02-27'),(1628,1163,'Jana Nieves',284.98,'2019-01-28','2019-03-21'),(1630,1202,'Castor Evans',284.98,'2019-07-31','2020-01-18'),(1631,1165,'Yoko Gallagher',78.98,'2018-10-11','2018-09-26'),(1631,1259,'Hayden Mercer',78.98,'2018-09-18','2020-01-05'),(1631,1302,'Zenia Oneal',78.98,'2019-08-16','2020-03-01'),(1633,1101,'Noel Calderon',284.98,'2020-01-26','2018-07-10'),(1634,1600,'Brennan Compton',284.98,'2020-02-06','2020-04-06'),(1637,1381,'Howard Hill',284.98,'2018-12-09','2019-06-09'),(1637,1499,'Armand Beach',284.98,'2018-09-18','2020-03-30'),(1638,1275,'Kylie Cole',42.23,'2018-12-28','2019-06-28'),(1640,1495,'Dylan Rivers',35.73,'2020-03-13','2019-07-10'),(1640,1615,'Colt Tillman',35.73,'2020-03-17','2018-05-22'),(1642,1339,'Mari Freeman',284.98,'2019-02-17','2019-08-30'),(1644,1665,'Yvette Lowery',284.98,'2020-01-28','2019-10-12'),(1645,1439,'Imogene Wade',284.98,'2019-09-13','2018-08-06'),(1645,1595,'Sopoline Gould',284.98,'2019-11-05','2018-12-02'),(1647,1478,'Warren Delaney',95.85,'2018-12-08','2019-01-05'),(1648,1554,'MacKenzie Burris',284.98,'2018-05-24','2019-10-07'),(1648,1628,'Quon Schmidt',284.98,'2020-04-10','2020-03-12'),(1649,1322,'Rana Bernard',284.98,'2020-03-10','2018-11-11'),(1650,1551,'Keefe Burton',284.98,'2019-02-22','2020-05-02'),(1651,1601,'Hammett Hensley',95.21,'2018-09-27','2019-07-02'),(1652,1194,'May Campbell',91.47,'2018-07-08','2019-10-25'),(1652,1398,'Rylee Waters',91.47,'2019-03-21','2019-01-28'),(1652,1479,'Ivor Carr',91.47,'2019-11-02','2019-06-23'),(1652,1485,'Kendall Nielsen',91.47,'2019-10-13','2019-04-06'),(1655,1572,'Jasmine Jensen',79.10,'2019-10-02','2020-01-27'),(1655,1587,'Lyle Francis',79.10,'2019-05-14','2020-02-20'),(1656,1257,'Joshua Stevens',114.73,'2018-06-30','2019-02-05'),(1658,1206,'Fritz Morales',159.82,'2019-01-03','2019-10-27'),(1658,1317,'Porter Mcgowan',159.82,'2018-08-26','2019-06-15'),(1658,1558,'Rhiannon Gibson',159.82,'2018-11-21','2018-10-08'),(1660,1255,'Cara Alvarez',284.98,'2018-10-30','2019-10-09'),(1662,1528,'Pearl Dickerson',284.98,'2019-01-14','2020-02-15'),(1665,1403,'Eagan Parsons',16.84,'2019-02-13','2020-03-30'),(1665,1486,'Madeson Tucker',16.84,'2019-12-02','2018-12-14'),(1665,1653,'Blaine Villarreal',16.84,'2020-02-24','2020-03-07'),(1666,1550,'Madison Puckett',284.98,'2019-02-04','2018-10-15'),(1669,1109,'Kirby Bradford',113.64,'2020-01-27','2018-11-14'),(1669,1386,'Daquan Nash',113.64,'2018-07-07','2018-08-04'),(1670,1372,'Felix Mitchell',138.89,'2020-03-12','2020-01-27'),(1671,1382,'Zane Ballard',119.57,'2018-07-22','2019-07-14'),(1671,1514,'Griffith Lara',119.57,'2019-12-07','2018-12-09'),(1672,1191,'Emily Collins',51.19,'2019-11-20','2018-06-07'),(1672,1368,'Joshua Stokes',51.19,'2019-07-19','2019-01-03'),(1674,1273,'Camilla Guthrie',67.39,'2018-08-02','2018-07-22'),(1674,1663,'Nash Dennis',67.39,'2019-06-26','2020-03-09'),(1678,1137,'Charity Nicholson',284.98,'2018-07-22','2018-10-05'),(1679,1637,'Elijah Blackwell',284.98,'2019-08-28','2019-10-12'),(1682,1465,'Ryan Hunter',136.80,'2020-05-18','2019-08-15'),(1682,1540,'John Paul',136.80,'2018-06-18','2020-05-04'),(1690,1525,'Xavier Greer',18.98,'2019-08-18','2018-06-30'),(1690,1647,'Silas Jackson',18.98,'2020-04-29','2019-05-13'),(1695,1304,'Cole Hart',284.98,'2018-10-02','2019-08-06'),(1698,1462,'Christen Wilkinson',284.98,'2019-08-15','2019-02-27'),(1700,1365,'Dennis Campbell',2.94,'2019-08-06','2020-03-13'),(1700,1621,'Fitzgerald Kent',2.94,'2018-09-11','2020-04-22'),(1701,1253,'Jayme Foley',115.15,'2020-01-25','2019-03-05'),(1701,1681,'Odette Mcfadden',115.15,'2018-06-29','2019-12-29'),(1703,1354,'Jaden Diaz',284.98,'2019-09-28','2019-05-02'),(1705,1293,'Jerry Haley',30.63,'2019-07-07','2018-08-08'),(1706,1636,'Kirsten Hansen',284.98,'2020-04-12','2019-12-15'),(1708,1170,'Amity Harrington',284.98,'2020-05-09','2018-10-04'),(1714,1152,'Neil Chang',44.10,'2019-02-11','2019-10-11'),(1714,1482,'Octavius Steele',44.10,'2020-01-11','2020-04-10'),(1715,1459,'Rahim Wood',284.98,'2019-12-11','2018-08-19'),(1718,1265,'Colorado Hill',83.55,'2018-12-10','2020-04-08'),(1719,1288,'Zachery Herring',284.98,'2019-09-09','2019-07-10'),(1722,1303,'Jamal Heath',284.98,'2020-01-03','2018-12-03'),(1722,1661,'Myles Gordon',284.98,'2018-09-08','2019-12-22'),(1725,1648,'Nell Sanford',284.98,'2019-01-10','2020-04-07'),(1728,1559,'Jessamine Sweeney',284.98,'2019-02-05','2019-06-27'),(1729,1571,'Clinton Perez',284.98,'2018-07-31','2020-05-03'),(1730,1169,'Angelica Hernandez',133.98,'2018-07-20','2019-04-07'),(1732,1632,'Allistair Pickett',284.98,'2019-09-23','2018-08-26'),(1733,1625,'Cedric Garrett',45.85,'2020-04-05','2018-09-03'),(1734,1348,'Abraham Kirkland',284.98,'2020-04-10','2019-03-15'),(1735,1103,'Hop Ortiz',154.72,'2018-07-13','2020-02-21'),(1735,1184,'Dana Sheppard',154.72,'2018-09-08','2020-03-05'),(1735,1607,'Darius Lawson',154.72,'2019-12-16','2020-03-22'),(1738,1171,'Riley Gay',284.98,'2018-09-05','2019-04-01'),(1741,1204,'Quon Faulkner',284.98,'2018-12-03','2019-04-11'),(1744,1230,'Willa George',248.48,'2019-04-23','2018-09-09'),(1744,1380,'Eagan Stark',248.48,'2020-02-27','2018-10-25'),(1745,1690,'Velma Calhoun',284.98,'2019-06-08','2020-01-16'),(1746,1606,'Noble Mckee',284.98,'2018-12-29','2018-12-12'),(1747,1134,'Barrett Kaufman',113.93,'2019-03-23','2020-02-06'),(1747,1619,'Gisela Henderson',113.93,'2019-07-10','2019-03-28'),(1750,1539,'Murphy Nolan',133.85,'2018-08-15','2020-02-06'),(1750,1669,'Ciara Gonzalez',133.85,'2019-03-19','2019-08-04'),(1753,1197,'Michael Medina',143.57,'2019-12-25','2019-11-16'),(1753,1252,'Avram Ortega',143.57,'2020-05-08','2019-09-11'),(1753,1442,'Slade Estrada',143.57,'2019-08-01','2018-05-18'),(1759,1408,'Alfreda Mckee',30.97,'2019-07-15','2019-07-05'),(1760,1574,'Hall Webb',55.47,'2019-07-01','2019-05-27'),(1760,1579,'Ray Heath',55.47,'2019-10-28','2019-07-17'),(1761,1523,'Aurora Conrad',284.98,'2020-03-09','2019-11-22'),(1764,1105,'Kyle Morales',151.36,'2019-03-29','2018-09-23'),(1764,1187,'Addison Leon',151.36,'2019-11-02','2019-09-02'),(1765,1142,'Melanie Levy',284.98,'2019-08-09','2019-08-30'),(1766,1285,'Josiah Hurley',284.98,'2018-10-05','2019-05-29'),(1767,1315,'Ryder Shelton',73.55,'2018-05-24','2019-10-06'),(1767,1387,'Tanisha Albert',73.55,'2020-03-14','2020-04-12'),(1768,1650,'Tyrone Dorsey',284.98,'2020-05-09','2020-04-06'),(1770,1213,'Sasha Hebert',284.98,'2018-08-15','2018-07-19'),(1772,1193,'Brian Conner',112.65,'2020-04-01','2018-09-11'),(1772,1300,'Stella Daugherty',112.65,'2019-12-03','2019-05-13'),(1773,1261,'Flavia Kinney',74.01,'2018-10-10','2019-10-23'),(1775,1426,'Rooney Leach',71.84,'2019-08-04','2020-01-10'),(1775,1456,'Lucian Lott',71.84,'2019-01-03','2019-10-12'),(1776,1418,'Raven Simpson',124.56,'2019-10-25','2018-10-23'),(1779,1236,'Joan Sharpe',173.27,'2019-10-20','2018-05-18'),(1779,1461,'Alexander Mcguire',173.27,'2019-11-25','2020-03-07'),(1780,1207,'Dante Fleming',284.98,'2019-07-02','2019-09-21'),(1781,1131,'Dillon Burnett',60.72,'2019-06-17','2020-02-01'),(1781,1283,'Melvin Donaldson',60.72,'2019-09-10','2019-02-06'),(1782,1116,'Jordan Daugherty',129.05,'2019-10-18','2019-04-26'),(1783,1298,'Michelle Strickland',40.77,'2020-05-14','2019-10-20'),(1783,1484,'Lael Rios',40.77,'2018-10-15','2018-12-04'),(1788,1210,'Rae Romero',158.06,'2020-01-05','2018-07-22'),(1788,1438,'Elijah James',158.06,'2020-01-04','2018-05-19'),(1789,1157,'Emily Robles',259.81,'2019-09-03','2019-03-15'),(1789,1471,'Freya Ramos',259.81,'2019-11-15','2019-07-22'),(1790,1176,'Karyn Woodward',93.94,'2020-05-12','2018-07-31'),(1790,1399,'Amena Gonzalez',93.94,'2019-11-23','2020-04-07'),(1791,1264,'Susan Case',284.98,'2018-12-01','2019-10-25'),(1794,1507,'Neville Combs',186.55,'2019-01-29','2019-04-23'),(1794,1591,'Neil Odonnell',186.55,'2020-01-19','2020-01-30'),(1794,1695,'Tasha Scott',186.55,'2019-10-15','2020-01-28'),(1796,1688,'Melissa Alvarado',284.98,'2020-03-03','2020-01-11'),(1798,1272,'Xanthus Dale',125.46,'2020-02-18','2019-04-12'),(1798,1577,'Kenyon Adams',125.46,'2018-09-01','2020-04-23'),(1799,1140,'Mannix Mccoy',82.63,'2020-01-30','2019-05-24'),(1799,1444,'Hamilton Alvarez',82.63,'2018-11-15','2018-10-02'),(1799,1578,'Yvette Brooks',82.63,'2020-01-09','2019-12-31');
/*!40000 ALTER TABLE `transaction_split_details` ENABLE KEYS */;
UNLOCK TABLES;

--
-- Table structure for table `user_categories`
--

DROP TABLE IF EXISTS `user_categories`;
/*!40101 SET @saved_cs_client     = @@character_set_client */;
 SET character_set_client = utf8mb4 ;
CREATE TABLE `user_categories` (
  `User_id` int(11) NOT NULL,
  `User_Category_ID` int(11) NOT NULL,
  `Category_Desc` varchar(50) DEFAULT NULL,
  `Created_Date` date DEFAULT NULL,
  `Last_Updated_Date` date DEFAULT NULL,
  PRIMARY KEY (`User_Category_ID`),
  KEY `R_8` (`User_id`),
  CONSTRAINT `R_8` FOREIGN KEY (`User_id`) REFERENCES `user_details` (`User_id`)
) ENGINE=InnoDB DEFAULT CHARSET=utf8mb4 COLLATE=utf8mb4_0900_ai_ci;
/*!40101 SET character_set_client = @saved_cs_client */;

--
-- Dumping data for table `user_categories`
--

LOCK TABLES `user_categories` WRITE;
/*!40000 ALTER TABLE `user_categories` DISABLE KEYS */;
INSERT INTO `user_categories` VALUES (1,1,'Dining','2019-05-17','2019-05-17'),(102,2,'BF ','2019-05-17','2019-05-17'),(103,3,'Repair ','2019-05-17','2019-05-17'),(104,4,'Laundry','2019-05-17','2019-05-17'),(105,5,'bike bills ','2019-05-17','2019-05-17'),(106,6,'dry cleaning','2019-05-17','2019-05-17'),(107,7,'shoes','2019-05-17','2019-05-17'),(108,8,'baby sitting','2019-05-17','2019-05-17'),(109,9,'cook','2019-05-17','2019-05-17'),(110,10,'Watch','2019-05-17','2019-05-17');
/*!40000 ALTER TABLE `user_categories` ENABLE KEYS */;
UNLOCK TABLES;

--
-- Table structure for table `user_details`
--

DROP TABLE IF EXISTS `user_details`;
/*!40101 SET @saved_cs_client     = @@character_set_client */;
 SET character_set_client = utf8mb4 ;
CREATE TABLE `user_details` (
  `User_id` int(11) NOT NULL,
  `First_Name` varchar(45) DEFAULT NULL,
  `Last_name` varchar(45) DEFAULT NULL,
  `Phone` varchar(15) DEFAULT NULL,
  `Email` varchar(45) DEFAULT NULL,
  `Address` varchar(100) DEFAULT NULL,
  `Created_Date` datetime DEFAULT NULL,
  `Last_Updated_Date` datetime DEFAULT NULL,
  `monthly_budget` decimal(10,3) DEFAULT NULL,
  PRIMARY KEY (`User_id`)
) ENGINE=InnoDB DEFAULT CHARSET=utf8mb4 COLLATE=utf8mb4_0900_ai_ci;
/*!40101 SET character_set_client = @saved_cs_client */;

--
-- Dumping data for table `user_details`
--

LOCK TABLES `user_details` WRITE;
/*!40000 ALTER TABLE `user_details` DISABLE KEYS */;
INSERT INTO `user_details` VALUES (1,'Nathan','Mejia','169-9493','Mauris@Vestibulum.net','8481 Faucibus Rd.','2018-08-15 23:10:11','2018-08-13 11:20:38',2200.000),(102,'Maggy','Becker','560-165-4772','quam.elementum@Donectincidunt.org','P.O. Box 788, 3843 Aliquam Avenue','2019-08-15 20:34:50','2019-11-27 19:59:13',1000.000),(103,'Rafael','Roman','345-0596','facilisis@mollis.ca','P.O. Box 455, 8556 Libero St.','2019-03-10 03:39:58','2018-12-20 09:00:23',1800.000),(104,'Renee','Walker','820-479-2614','purus.sapien.gravida@Etiam.net','385-9775 Velit St.','2019-05-07 14:04:34','2018-12-20 06:25:14',2000.000),(105,'Paula','Davis','632-2630','vel@Duisvolutpat.com','P.O. Box 129, 9837 Aliquet, St.','2018-05-19 20:22:38','2019-03-14 11:13:47',2200.000),(106,'Halee','Le','421-6844','Integer.aliquam@duiFusce.edu','Ap #454-7043 Vel, Ave','2018-05-27 10:21:47','2019-08-03 12:00:46',1100.000),(107,'Jin','Horn','861-4463','enim.nisl.elementum@luctusvulputate.org','162-686 Bibendum St.','2019-12-27 05:51:41','2018-10-26 16:36:42',2500.000),(108,'Vaughan','Collins','510-5862','blandit.Nam.nulla@CuraeDonec.edu','P.O. Box 477, 658 Magna. St.','2020-04-30 15:24:57','2018-10-23 02:38:13',1900.000),(109,'Lee','Cantu','768-1588','metus.Aenean.sed@tinciduntcongue.net','7268 Donec St.','2019-04-05 19:25:58','2018-12-22 21:49:06',1100.000),(110,'Stella','Tanner','300-3362','quis@semperNam.ca','3631 Phasellus Avenue','2020-04-04 04:02:19','2019-11-10 12:11:21',1700.000),(111,'Timon','Case','244-698-2671','urna.Nullam.lobortis@sitamet.com','Ap #716-8836 Vel, Rd.','2019-12-29 10:54:22','2019-05-29 23:42:00',1400.000),(112,'Stacey','Barlow','463-9546','enim.Sed.nulla@ullamcorpermagna.ca','7594 Sed Rd.','2019-09-03 10:46:57','2018-11-08 22:24:25',2400.000),(114,'John','Stanton','744-1197','risus.Donec.egestas@Aliquamrutrumlorem.edu','P.O. Box 538, 1870 Risus. Rd.','2019-03-24 13:21:16','2018-10-14 22:44:50',2300.000),(115,'Shea','Bowen','471-335-6410','ut@eros.org','P.O. Box 152, 7328 Duis Street','2019-06-10 15:00:07','2020-02-08 13:13:01',1800.000),(116,'Noble','Palmer','526-7310','luctus.Curabitur.egestas@magna.co.uk','Ap #393-7574 Amet St.','2019-05-27 06:41:29','2018-06-26 14:24:09',2400.000),(117,'Lesley','Rocha','367-231-0454','hendrerit.neque@bibendumfermentummetus.net','Ap #703-8238 Massa. Ave','2018-08-23 15:57:37','2018-07-31 19:09:59',1300.000),(118,'Chastity','Herman','160-4965','orci@posuereatvelit.edu','154-3652 Amet Rd.','2018-07-17 02:17:59','2018-11-07 11:03:06',1300.000),(119,'Lee','Roth','684-980-1456','cursus.purus.Nullam@utsemNulla.co.uk','Ap #867-9999 Nibh St.','2019-04-18 09:54:14','2019-02-24 23:54:49',1500.000),(120,'Martina','Rodgers','406-7864','dolor.elit.pellentesque@nibh.com','Ap #556-2919 Conubia Rd.','2018-07-10 02:18:41','2020-03-18 23:20:25',1300.000),(121,'Ferdinand','House','454-229-9025','dui.nec@egetipsum.ca','Ap #755-4481 Blandit Road','2020-05-06 21:56:36','2019-08-06 03:38:19',2300.000),(122,'Colby','Blackburn','541-525-8513','ac.mattis@egestas.co.uk','3126 Ligula. Street','2018-10-02 18:25:23','2018-10-17 20:32:51',2100.000),(123,'Kieran','Chandler','472-3124','eget.mollis@vel.co.uk','4816 Facilisis. St.','2019-06-28 16:22:13','2020-01-29 17:51:25',1200.000),(124,'Christen','Evans','782-690-3627','nonummy.ac@Cras.org','7915 Nunc. Avenue','2020-02-19 15:16:12','2019-02-27 00:02:15',1500.000),(125,'Slade','Tyson','269-932-4737','laoreet.posuere@sagittis.ca','102-1326 Facilisi. Avenue','2020-02-04 03:46:45','2019-05-29 17:14:21',1700.000),(126,'Mohammad','Donovan','718-5539','Fusce@Donecnibh.net','1174 Dolor, Road','2018-09-15 17:36:48','2018-11-28 11:27:00',1300.000),(127,'Daryl','Dale','933-8008','blandit.congue.In@vestibulumneceuismod.co.uk','8332 Justo St.','2018-10-28 14:50:33','2019-04-21 01:07:48',2000.000),(128,'Gay','Hartman','704-820-7500','diam.Pellentesque.habitant@egestasa.org','727-3525 Cursus Rd.','2019-08-05 12:35:33','2019-12-16 10:24:17',2300.000),(129,'Hedy','Henson','349-610-9935','parturient@leoCras.edu','P.O. Box 543, 2662 Tellus Ave','2019-09-08 20:07:12','2019-11-12 04:38:08',1200.000),(130,'Clark','Long','866-6327','amet@Donec.edu','Ap #754-7336 Nunc Av.','2019-09-29 00:29:38','2019-03-27 23:59:54',1200.000),(131,'Patience','Frost','879-700-7322','nunc@nibh.com','7820 Arcu. Rd.','2019-11-11 09:49:40','2019-03-07 04:41:58',1500.000),(132,'Jaime','Summers','962-241-5941','libero.mauris@magnaUt.net','Ap #801-5137 Leo Ave','2019-08-26 21:39:56','2019-02-26 17:35:17',1500.000),(133,'Hollee','Burns','235-710-8389','arcu.Vestibulum@Mauris.ca','P.O. Box 855, 7251 Nunc St.','2018-05-22 05:43:33','2019-10-09 22:50:42',2000.000),(134,'Adrian','Harris','686-0605','nisl.elementum@ligulaeuenim.edu','5558 Purus. Street','2018-11-19 17:07:38','2019-07-17 12:38:32',1500.000),(135,'Fritz','Ortega','342-0181','Sed@bibendumsed.net','5867 Lacus. St.','2018-11-09 19:44:11','2019-06-15 15:11:06',2100.000),(136,'Leroy','Sampson','151-4766','fames.ac@lectuspedeet.net','Ap #736-7861 In Street','2019-09-25 03:16:50','2019-05-25 01:48:39',1900.000),(137,'Eden','Molina','258-875-5358','placerat.velit.Quisque@magna.edu','Ap #740-8335 Sed Rd.','2018-10-22 14:21:40','2020-02-05 23:25:01',2200.000),(138,'Warren','Russo','377-311-5454','at.augue.id@vulputateposuerevulputate.net','562-7956 Luctus St.','2018-09-17 19:38:37','2019-06-06 21:04:02',1300.000),(139,'Wing','Sexton','103-5676','Praesent.eu@elitfermentumrisus.net','176-3486 Ligula. Avenue','2019-05-03 02:17:10','2020-05-05 00:05:22',2100.000),(141,'Paul','Compton','198-4220','id@semper.edu','8374 Erat. Avenue','2020-02-15 12:53:00','2018-09-02 13:01:39',2500.000),(142,'Cherokee','Stark','601-9305','felis@pellentesquemassa.ca','Ap #539-9000 Elementum, Avenue','2020-01-01 21:22:24','2018-10-12 21:09:44',2100.000),(143,'Lars','Floyd','652-278-3752','arcu@sagittisNullamvitae.com','669-7432 Fusce St.','2019-08-13 23:14:05','2018-10-11 01:33:31',1900.000),(144,'Dara','Valenzuela','287-917-6686','vitae.velit@acipsumPhasellus.com','9773 Ac Rd.','2019-01-22 02:37:43','2019-02-24 03:55:16',2500.000),(145,'Grace','Carrillo','254-597-9519','enim.Etiam@consectetuercursuset.edu','Ap #746-6357 Volutpat. Rd.','2019-07-06 20:24:10','2019-05-18 09:34:32',1000.000),(146,'Isaac','Beach','831-258-5682','Donec@eratvolutpatNulla.co.uk','Ap #395-1591 Augue Avenue','2018-10-09 13:06:42','2018-10-26 10:16:31',1200.000),(147,'Lareina','Dixon','990-6613','ut.dolor@Nuncsed.net','Ap #796-6388 Lectus St.','2018-08-14 21:28:44','2019-02-26 13:49:04',2000.000),(148,'Desiree','Workman','297-560-4714','in@maurisipsumporta.co.uk','P.O. Box 833, 6578 Luctus Street','2020-03-03 10:18:45','2020-01-24 01:45:31',2300.000),(150,'Wang','Golden','573-5092','nonummy@quismassaMauris.com','Ap #406-7648 Donec Av.','2019-07-08 14:44:05','2018-11-13 11:59:38',1700.000);
/*!40000 ALTER TABLE `user_details` ENABLE KEYS */;
UNLOCK TABLES;

--
-- Table structure for table `user_login_details`
--

DROP TABLE IF EXISTS `user_login_details`;
/*!40101 SET @saved_cs_client     = @@character_set_client */;
 SET character_set_client = utf8mb4 ;
CREATE TABLE `user_login_details` (
  `User_id` int(11) NOT NULL,
  `Login_id` varchar(45) NOT NULL,
  `Password` varchar(45) DEFAULT NULL,
  `Security_Question_1` int(11) DEFAULT NULL,
  `Answer_1` varchar(45) DEFAULT NULL,
  `Security_Question_2` int(11) DEFAULT NULL,
  `Answer_2` varchar(45) DEFAULT NULL,
  `Password_Change_Date` date DEFAULT NULL,
  `Created_Date` date DEFAULT NULL,
  `Last_Updated_Date` date DEFAULT NULL,
  PRIMARY KEY (`User_id`,`Login_id`),
  CONSTRAINT `R_6` FOREIGN KEY (`User_id`) REFERENCES `user_details` (`User_id`)
) ENGINE=InnoDB DEFAULT CHARSET=utf8mb4 COLLATE=utf8mb4_0900_ai_ci;
/*!40101 SET character_set_client = @saved_cs_client */;

--
-- Dumping data for table `user_login_details`
--

LOCK TABLES `user_login_details` WRITE;
/*!40000 ALTER TABLE `user_login_details` DISABLE KEYS */;
INSERT INTO `user_login_details` VALUES (1,'mollis@idnunc.co.uk','ESX93GNI7IG',1,'ipsum.',1,'sapien.','2019-07-04','2019-12-03','2020-05-08'),(102,'elementum.lorem@Ut.ca','SFJ44MGL6ZR',2,'in',2,'mi','2019-10-30','2020-04-25','2018-12-23'),(103,'ornare@ligulaNullamenim.co.uk','MCF99HUO8AE',3,'vel',3,'mus.','2019-10-24','2020-02-24','2018-05-25'),(105,'elit@natoquepenatibuset.ca','POE52KKG3MU',5,'fermentum',5,'sem','2020-03-21','2018-09-09','2019-01-02'),(106,'nec.urna.suscipit@sitametnulla.co.uk','FRN61VGP3ES',6,'Vivamus',6,'facilisis','2020-01-30','2019-10-05','2018-07-20'),(107,'Lorem.ipsum@vitaeposuere.edu','SVX61MLE0YK',7,'dui',7,'ullamcorper.','2020-03-22','2019-08-04','2019-04-02'),(108,'commodo.ipsum.Suspendisse@tellusid.edu','TAJ65YIR4WG',8,'fermentum',8,'in','2019-05-20','2019-10-28','2018-05-27'),(109,'sed.pede@dignissimmagna.net','ZEZ83ACO0AW',1,'gravida.',1,'enim,','2019-07-27','2019-05-24','2019-09-05'),(111,'semper.tellus.id@conguea.net','ZMJ02FVN2QX',3,'dis',3,'Nam','2019-07-10','2019-04-15','2020-03-17'),(112,'non.leo.Vivamus@euaugue.edu','YKZ75WHG2YM',4,'vitae,',4,'vulputate','2020-02-23','2019-03-15','2018-07-18'),(114,'varius.ultrices@euismod.edu','YYJ50PTV3LM',6,'Cras',6,'massa.','2019-11-15','2019-08-30','2019-10-27'),(115,'euismod.ac.fermentum@Duisgravida.org','CFB94EGQ7QX',7,'aliquam',7,'purus','2019-05-25','2018-12-08','2019-06-21'),(116,'et.pede.Nunc@arcuAliquamultrices.org','DSJ50EXI4LG',8,'eget',8,'malesuada','2019-08-16','2018-09-04','2019-12-02'),(117,'lorem@nectempus.org','CYB72WHQ7VB',1,'quis,',1,'Proin','2020-02-21','2019-09-22','2019-02-02'),(118,'vestibulum@egestas.net','JUF44WGB7JY',2,'sit',2,'justo','2019-10-12','2019-05-28','2019-10-18'),(119,'gravida.sagittis@ultricesVivamusrhoncus.com','QEZ80TWE0EJ',3,'sit',3,'vitae','2019-09-26','2019-12-05','2019-03-05'),(120,'non@penatibuset.ca','ASZ00IBE2UD',4,'tortor.',4,'tortor,','2019-08-29','2019-06-25','2019-09-26'),(122,'ultrices.a.auctor@velitinaliquet.co.uk','RUF80VRO6EN',6,'magna',6,'adipiscing','2019-12-11','2019-05-07','2019-04-18'),(123,'ligula.Aenean.euismod@nonjusto.net','RJB81HDW7UM',7,'urna',7,'laoreet','2020-03-23','2018-11-04','2018-08-18'),(124,'per.inceptos@tortorInteger.ca','AXX95JRW2KL',8,'non,',8,'Cras','2020-03-20','2020-04-04','2020-02-01'),(125,'adipiscing@idblandit.co.uk','ZRI44KOA8NX',1,'non,',1,'In','2020-02-07','2018-12-25','2019-05-01'),(126,'Vivamus@etmagnis.co.uk','AKB02FUI3UX',2,'tristique',2,'nulla','2020-01-03','2020-01-05','2018-11-01'),(127,'placerat.velit.Quisque@Aliquamnec.co.uk','XBQ57EVG9RY',3,'nascetur',3,'convallis','2019-10-13','2019-04-26','2020-03-31'),(128,'placerat.Cras@scelerisqueloremipsum.org','GRL71ZCI2JJ',4,'malesuada',4,'hendrerit.','2019-08-22','2018-09-24','2019-07-14'),(129,'leo@NuncmaurisMorbi.org','GLB78NNA6BW',5,'ligula.',5,'In','2020-04-27','2019-07-31','2019-10-06'),(130,'at@Nuncsed.co.uk','OME56HOB8ZG',6,'et',6,'lectus','2020-01-24','2018-10-07','2019-07-26'),(131,'rutrum@Nullafacilisi.co.uk','IRZ86QVH8DC',7,'velit.',7,'hendrerit','2020-03-20','2018-07-21','2018-11-24'),(132,'luctus.et@Sed.org','KJI06XGM5BE',8,'feugiat.',8,'nunc','2019-09-06','2020-02-26','2019-10-23'),(133,'vulputate.risus@ipsum.net','QMD36NTL5SH',1,'a',1,'et','2020-04-09','2019-05-02','2019-10-16'),(134,'vitae.diam.Proin@rutrumnonhendrerit.com','JFO27XPJ0LP',2,'Praesent',2,'condimentum.','2019-10-19','2020-04-02','2019-05-21'),(135,'nascetur.ridiculus@Proinsed.com','BEF43IRT4LZ',3,'nisl.',3,'nisi.','2019-11-21','2019-01-11','2018-12-29'),(136,'enim.non@bibendumsedest.co.uk','WFX62GSU3OA',4,'eu',4,'convallis','2019-08-17','2018-06-26','2018-11-05'),(137,'nascetur.ridiculus.mus@eutelluseu.org','CLN10UZW0FG',5,'cursus',5,'magna','2020-04-03','2018-08-31','2018-10-30'),(138,'fringilla.purus@velitAliquamnisl.net','QEE89LGI7IN',6,'ligula.',6,'nulla.','2019-10-18','2019-08-02','2020-02-02'),(139,'sed@ullamcorperviverra.net','EWG79ALV5TC',7,'nec',7,'Donec','2019-05-21','2019-07-22','2020-01-02'),(141,'at.auctor@dapibusid.org','RMJ07JCD0QB',1,'Nullam',1,'Vivamus','2019-07-10','2019-01-10','2018-10-29'),(142,'libero.est.congue@nequeSedeget.com','GZG49LTF1SC',2,'mi',2,'elit','2020-05-04','2019-08-16','2019-09-05'),(143,'enim.consequat@elitNulla.ca','GUN55DVX1LE',3,'Curabitur',3,'Aenean','2019-12-05','2019-06-04','2019-02-19'),(144,'Praesent.eu.dui@Vivamus.net','QCP54SSO5JT',4,'lacus,',4,'sodales','2019-07-25','2019-06-06','2018-05-19'),(145,'fringilla@at.org','JIU28AJE6QJ',5,'Quisque',5,'lorem','2019-11-19','2019-10-06','2019-01-21'),(146,'risus@diamProin.ca','CIH26QFN2QE',6,'non',6,'Proin','2019-12-27','2019-06-24','2018-11-08'),(147,'Etiam@velitinaliquet.ca','PZY53UDS4RH',7,'montes,',7,'erat','2019-05-30','2018-12-10','2019-08-07'),(148,'eu@accumsaninterdumlibero.net','BGM24ISO0NK',8,'laoreet',8,'eget','2019-08-01','2019-10-10','2019-01-02'),(150,'facilisi.Sed.neque@augueacipsum.edu','GLR40HMY7RO',2,'Donec',2,'tempor,','2020-05-03','2019-06-21','2019-06-06');
/*!40000 ALTER TABLE `user_login_details` ENABLE KEYS */;
UNLOCK TABLES;

--
-- Dumping events for database 'msis_2603_uncountables'
--

--
-- Dumping routines for database 'msis_2603_uncountables'
--
/*!50003 DROP FUNCTION IF EXISTS `max_spent_category` */;
/*!50003 SET @saved_cs_client      = @@character_set_client */ ;
/*!50003 SET @saved_cs_results     = @@character_set_results */ ;
/*!50003 SET @saved_col_connection = @@collation_connection */ ;
/*!50003 SET character_set_client  = utf8mb4 */ ;
/*!50003 SET character_set_results = utf8mb4 */ ;
/*!50003 SET collation_connection  = utf8mb4_0900_ai_ci */ ;
/*!50003 SET @saved_sql_mode       = @@sql_mode */ ;
/*!50003 SET sql_mode              = 'STRICT_TRANS_TABLES,NO_ENGINE_SUBSTITUTION' */ ;
DELIMITER ;;
CREATE DEFINER=`root`@`localhost` FUNCTION `max_spent_category`(userid int) RETURNS int(11)
    READS SQL DATA
BEGIN 
DECLARE category int;
DECLARE max_amt decimal(10,3);

select cat_wise_sum.category_id into category from 
(select ud.user_Id,td.category_id,td.Month_Year,sum(td.transaction_amt) total_transations from 
user_details ud, Payment_method_details pmd,
(select concat(MONTHNAME(Transaction_Date), '-', year(Transaction_Date)) as' Month_Year',td.* from  Transaction_details td) td
where ud.user_id = pmd.user_id
and pmd.payment_method_id = td.payment_method_id
group by ud.user_Id,td.category_id,td.Month_Year) cat_wise_sum,
(select ud.user_id , max(td.transaction_amt) max_transations from 
user_details ud, Payment_method_details pmd,
(select concat(MONTHNAME(Transaction_Date), '-', year(Transaction_Date)) as' Month_Year',DATE_FORMAT(Transaction_Date,'%Y%m') as 'yearmonth',td.* from  Transaction_details td) td,
(select ud.user_id, MAX(DATE_FORMAT(Transaction_Date,'%Y%m')) LATEST_MONTH from transaction_details tran, payment_method_details pmd, user_details ud
GROUP BY ud.user_id) LMU
where ud.user_id = pmd.user_id
and pmd.payment_method_id = td.payment_method_id
and LMU.LATEST_MONTH = td.yearmonth
and LMU.user_id = ud.user_id
and ud.user_id = userid
group by ud.user_Id) max_spent
where cat_wise_sum.user_id = max_spent.user_id 
and cat_wise_sum.total_transations = max_spent.max_transations;

RETURN (category); 
END ;;
DELIMITER ;
/*!50003 SET sql_mode              = @saved_sql_mode */ ;
/*!50003 SET character_set_client  = @saved_cs_client */ ;
/*!50003 SET character_set_results = @saved_cs_results */ ;
/*!50003 SET collation_connection  = @saved_col_connection */ ;
/*!50003 DROP PROCEDURE IF EXISTS `check_budget_overrun` */;
/*!50003 SET @saved_cs_client      = @@character_set_client */ ;
/*!50003 SET @saved_cs_results     = @@character_set_results */ ;
/*!50003 SET @saved_col_connection = @@collation_connection */ ;
/*!50003 SET character_set_client  = utf8mb4 */ ;
/*!50003 SET character_set_results = utf8mb4 */ ;
/*!50003 SET collation_connection  = utf8mb4_0900_ai_ci */ ;
/*!50003 SET @saved_sql_mode       = @@sql_mode */ ;
/*!50003 SET sql_mode              = 'STRICT_TRANS_TABLES,NO_ENGINE_SUBSTITUTION' */ ;
DELIMITER ;;
CREATE DEFINER=`root`@`localhost` PROCEDURE `check_budget_overrun`( IN Userid  int(10),  IN present_month date, OUT Budget_over varchar(10) )
begin  

select 
case
when monthly_budget <= (total_transations + loan_amt) then 'In budget'
else 'Over Budget'
end into Budget_over
 from (
select ud.user_Id,td.Month_Year, ud.monthly_budget, sum(td.transaction_amt) total_transations,sum(sd.loan_amt) loan_amt from 
user_details ud, Payment_method_details pmd,
(select concat(MONTHNAME(Transaction_Date), '-', year(Transaction_Date)) as' Month_Year',td.* from  Transaction_details td) td,
(select sum(Split_amount) loan_amt,Transaction_ID from transaction_split_details group by Transaction_ID) sd
where ud.user_id = pmd.user_id
and pmd.payment_method_id = td.payment_method_id
and ud.User_id = Userid
and td.Month_Year = concat(MONTHNAME(present_month), '-', year(present_month))
and td.Transaction_ID = sd.Transaction_ID
group by ud.user_Id,td.Month_Year) monthly_data;
end ;;
DELIMITER ;
/*!50003 SET sql_mode              = @saved_sql_mode */ ;
/*!50003 SET character_set_client  = @saved_cs_client */ ;
/*!50003 SET character_set_results = @saved_cs_results */ ;
/*!50003 SET collation_connection  = @saved_col_connection */ ;

--
-- Final view structure for view `error_transaction`
--

/*!50001 DROP VIEW IF EXISTS `error_transaction`*/;
/*!50001 SET @saved_cs_client          = @@character_set_client */;
/*!50001 SET @saved_cs_results         = @@character_set_results */;
/*!50001 SET @saved_col_connection     = @@collation_connection */;
/*!50001 SET character_set_client      = utf8mb4 */;
/*!50001 SET character_set_results     = utf8mb4 */;
/*!50001 SET collation_connection      = utf8mb4_0900_ai_ci */;
/*!50001 CREATE ALGORITHM=UNDEFINED */
/*!50013 DEFINER=`root`@`localhost` SQL SECURITY DEFINER */
/*!50001 VIEW `error_transaction` AS select `td`.`Transaction_ID` AS `transaction_id`,`tsd`.`Split_ID` AS `split_id`,`td`.`Transaction_Amt` AS `Transaction_Amt`,`tsd`.`Split_amount` AS `Split_amount` from (`transaction_details` `td` join `transaction_split_details` `tsd`) where ((`td`.`Transaction_ID` = `tsd`.`Transaction_ID`) and (`td`.`Transaction_Amt` < `tsd`.`Split_amount`)) */;
/*!50001 SET character_set_client      = @saved_cs_client */;
/*!50001 SET character_set_results     = @saved_cs_results */;
/*!50001 SET collation_connection      = @saved_col_connection */;

--
-- Final view structure for view `multi_transaction`
--

/*!50001 DROP VIEW IF EXISTS `multi_transaction`*/;
/*!50001 SET @saved_cs_client          = @@character_set_client */;
/*!50001 SET @saved_cs_results         = @@character_set_results */;
/*!50001 SET @saved_col_connection     = @@collation_connection */;
/*!50001 SET character_set_client      = utf8mb4 */;
/*!50001 SET character_set_results     = utf8mb4 */;
/*!50001 SET collation_connection      = utf8mb4_0900_ai_ci */;
/*!50001 CREATE ALGORITHM=UNDEFINED */
/*!50013 DEFINER=`root`@`localhost` SQL SECURITY DEFINER */
/*!50001 VIEW `multi_transaction` AS select count(0) AS `count(*)`,`transaction_split_details`.`Transaction_ID` AS `transaction_id` from `transaction_split_details` group by `transaction_split_details`.`Transaction_ID` having (count(0) > 1) */;
/*!50001 SET character_set_client      = @saved_cs_client */;
/*!50001 SET character_set_results     = @saved_cs_results */;
/*!50001 SET collation_connection      = @saved_col_connection */;
/*!40103 SET TIME_ZONE=@OLD_TIME_ZONE */;

/*!40101 SET SQL_MODE=@OLD_SQL_MODE */;
/*!40014 SET FOREIGN_KEY_CHECKS=@OLD_FOREIGN_KEY_CHECKS */;
/*!40014 SET UNIQUE_CHECKS=@OLD_UNIQUE_CHECKS */;
/*!40101 SET CHARACTER_SET_CLIENT=@OLD_CHARACTER_SET_CLIENT */;
/*!40101 SET CHARACTER_SET_RESULTS=@OLD_CHARACTER_SET_RESULTS */;
/*!40101 SET COLLATION_CONNECTION=@OLD_COLLATION_CONNECTION */;
/*!40111 SET SQL_NOTES=@OLD_SQL_NOTES */;

-- Dump completed on 2019-05-25 15:47:54
